Workbook

Sheet Final_draft
X1: name (to be refine) | Y1: Key toxicological data summary | Z1: Mutagenicity Ames details experimental | AA1: Mutagenicity Ames details predictions | AB1: NOAEL details + final call | AC1: Gene mutation (other endpoints) | AD1: Genotoxicity (Clastogenicity/aneugenicity) | AE1: DART | AF1: Endocrine | AG1: LOAEL details | AJ1: TD50 | AK1: UFs + sBHGV | AM1: NOAEL details + (N)LOAEL final call
X2: N.columns | Y2: 30 | Z2: 21 | AA2: 21 | AB2: 43 | AC2: 7 | AD2: 19 | AE2: 7 | AF2: 29 | AJ2: 10 | EQ2: all values are in mg/kg bw/day | GJ2: 0.15 | GK2: 0.08 | GL2: 0.05 | GN2: 0.02
J3: Available evaluations | M3: Genotoxicity EFSA final call | O3: EXPERIMENTAL Ames Mutagenicity | AJ3: PREDICTION Ames Mutagenicity | BF3: (Ames) Mutagenicity final call | BK3: Experimental Micronucleus (MN) | BU3: Prediction Micronucleus (MN) | CC3: Experimental Mouse Lymphoma | CF3: Prediction Mouse Lymphoma | CJ3: Experimental Chromosomal Aberration (CA) | CW3: Prediction Chromosomal Aberration (CA) | DC3: Experimental other genotoxicity endpoint | DL3: Prediction other genotoxicity endpoint | DQ3: Experimental TD50 (mg/kg bw/day) | DS3: Prediction TD50 (mg/kg bw/day) | EA3: Experimental NOAEL (mg/kg bw/day) | EM3: Experimental LOAEL (mg/kg bw/day) | FA3: Predicted NOAEL (mg/kg bw/day) | FH3: Predicted LOAEL (mg/kg bw/day) | FP3: (N)LOAEL final call | FU3: UFs | GA3: Cramer Class | GC3: TTC | GE3: (s)HBGV | GI3: chemical-specific SBL (mg/kg) | GN3: TTC-derived-SBL (mg/kg) | GS3: DART experimental | GU3: DART prediction | GZ3: ER/AR experimental | HE3: ER/AR prediction | HL3: Thyroid receptor Experimental | HO3: Thyroid receptor prediction | HS3: Experimental Aromatase activity | HU3: Prediction Aromatase activity | HY3: Experimental Endocrine disruptor activity | IA3: Prediction Endocrine disruptor activity
M4: EFSA OFT | O4: VEGA databases | W4: Leadscope databases | AD4: Other data sources | AJ4: VEGA Consensus & single models | AU4: Leadscope Bacterial Consensus & single models | BB4: Leadscope Ames additional models | BK4: in vitro MN | BO4: in vivo MN | BU4: in vitro MN | BW4: in vivo MN | CC4: in vitro | CF4: in vitro | CJ4: in vitro CA | CP4: in vivo CA | CW4: in vitro CA | CZ4: in vivo CA | DC4: in vitro | DF4: in vivo | DL4: in vitro | DO4: in vivo | EA4: (Q)SAR models' database subchronic toxicity | ED4: EFSA OFT db | EG4: OECD QSAR Toolbox | EM4: (Q)SAR models' database (sub)chronic toxicity | EQ4: EFSA OFT db | EU4: OECD QSAR Toolbox | FC4: subchronic | FH4: (sub)chronic
A5: CAS number | B5: Nestle ID code | C5: SMILES (original) | D5: SMILES (neutralized) | E5: Reliability (neutralized) | F5: SMILES (VEGA CDK) | G5: Duplicate (VEGA CDK) | H5: Reliability (VEGA CDK) | I5: Chemical name | J5: CFSG/CRA ref no | K5: "manually generated" SBL (Y/N) | L5: Expert review | M5: Call | N5: doi | O5: CAESAR | P5: Reliability | Q5: SarPy | R5: Reliability | S5: ISS | T5: Reliability | U5: KNN | V5: Reliability | W5: Bacterial Mutation Alerts | X5: Bacterial Mutation | Y5: Reliability | Z5: Salmonella Mut | AA5: Reliability | AB5: E Coli-Sal 102A-T Mut | AC5: Reliability | AD5: ECHA REACH db (OECD QSAR Toolbox) | AE5: Reliability | AF5: ICE dataset (nih.gov) | AG5: Reliability | AH5: ECVAM | AI5: Reliability | AJ5: Consensus | AK5: Mutagenic score | AL5: Non-Mutagenic Score | AM5: CAESAR | AN5: Reliability | AO5: SarPy | AP5: Reliability | AQ5: ISS | AR5: Reliability | AS5: KNN | AT5: Reliability | AU5: Bacterial Mutation Consensus | AV5: Reliability | AW5: Bacterial Mutation Alerts | AX5: Bacterial Mutation Alerts identified | AY5: Bacterial Mutation | AZ5: Bacterial Mutation Probability | BA5: Reliability | BB5: Salmonella Mut | BC5: Salmonella Mut Positive Prediction Probability | BD5: E Coli-Sal 102A-T Mut | BE5: E Coli - Sal 102 A-T Mut Positive Prediction Probability | BF5: Final call | BG5: Reliability VEGA | BH5: Exp/pred | BI5: Source | BJ5: Remarks | BK5: ECHA REACH db (OECD QSAR Toolbox ) | BL5: ECVAM | BM5: VEGA (IRFMN-VERMEER) | BN5: Remarks | BO5: LS | BP5: ECVAM | BQ5: ICE | BR5: ECHA REACH db (OECD QSAR Toolbox ) | BS5: VEGA (IRFMN) | BT5: Remarks | BU5: VEGA (IRFMN-VERMEER) | BV5: Reliability | BW5: VEGA (IRFMN) | BX5: Reliability and Consensus status | BY5: LS In Vivo Micronuc Mouse | BZ5: In Vivo Micronuc Mouse Positive Prediction Probability | CA5: Toxtree Structure Alerts in vivo MN in rodents | CB5: Remarks | CC5: LS Mouse Lymphoma Act Experimental Value | CD5: LS Mouse Lymphoma Unact Experimental Value | CE5: Remarks | CF5: LS Mouse Lymphoma Act Prediction | CG5: LS Mouse Lymphoma ActPositive Prediction Probability | CH5: LS Mouse Lymphoma Unact v2 Prediction | CI5: LS Mouse Lymphoma Unact v2 Positive Prediction Probability | CJ5: ECHA REACH db (OECD QSAR Toolbox ) | CK5: LS In Vitro Chrom Ab CHO v2 | CL5: LS In Vitro Chrom Ab CHL v2 | CM5: VEGA Chromosomal aberration model (CORAL) | CN5: ECVAM | CO5: Remarks | CP5: LS chrom ab(A7P) | CQ5: LS chrom ab other rodent(A7R) | CR5: LS chrom ab rat (A7Q) | CS5: ECVAM | CT5: ICE | CU5: ECHA REACH db (OECD QSAR Toolbox) | CV5: Remarks | CW5: LS In Vitro Chrom Ab CHO | CX5: LS In Vitro Chrom Ab CHL | CY5: VEGA Chromosomal aberration model (CORAL) | CZ5: LS chrom ab(A7P) | DA5: LS chrom ab other rodent(A7R) | DB5: LS chrom ab rat (A7Q) | DC5: LS In Vitro SCE CHO | DD5: LS In Vitro SCE Comp | DE5: LS SCE in vitro other (A8I) | DF5: LS In Vivo Rodent Mut Experimental Value | DG5: LS In Vivo Rodent DL Mut | DH5: ECVAM TGR Overall | DI5: ECVAM in vivo UDS Overall | DJ5: in vivo DNA damage Overall | DK5: Remarks | DL5: LS In Vitro SCE CHO | DM5: LS In Vitro SCE Comp | DN5: LS SCE in vitro other (A8I) | DO5: LS In Vivo Rodent Mut | DP5: LS In Vivo Rodent DL Mut | DQ5: CPDB rat | DR5: CPDB mouse | DS5: ADMET rat | DT5: AD info | DU5: ADMET mouse | DV5: AD info | DW5: Lazar rat | DX5: AD info | DY5: Lazar mouse | DZ5: AD info | EA5: VEGA NOAEL (IRFMN-CORAL) | EB5: VEGA Liver NOAEL (CORAL) | EC5: CORAL Gadaleta 2021 (confidential) | ED5: EFSA human | EE5: EFSA animal | EF5: Chronic/Subchronic/devtox | EG5: EFSA ToolBox | EH5: Chronic/Subchronic/devtox | EI5: Munro Toolbox | EJ5: Chronic/Subchronic/devtox | EK5: ECHA | EL5: Chronic/Subchronic/devtox | EM5: VEGA Liver LOAEL (CORAL) | EN5: Helma 2018 | EO5: Mazzatorta 2008 | EP5: CORAL Gadaleta 2021 (confidential) | EQ5: EFSA human | ER5: Chronic/Subchronic/devtox | ES5: EFSA animal | ET5: Chronic/Subchronic/devtox | EU5: EFSA ToolBox | EV5: Chronic/Subchronic/devtox | EW5: Munro Toolbox | EX5: Chronic/Subchronic/devtox | EY5: ECHA | EZ5: Chronic/Subchronic/devtox | FA5: VEGA NOAEL (IRFMN-CORAL) | FB5: Reliability | FC5: VEGA Liver NOAEL (CORAL) | FD5: Reliability | FE5: Gadaleta 2021 NOAEL | FF5: AD info | FG5: Reliability | FH5: VEGA Liver LOAEL (CORAL) | FI5: Reliability | FJ5: Helma 2018 | FK5: AD info | FL5: Mazzatorta 2008 | FM5: Gadaleta 2021 LOAEL | FN5: AD info | FO5: Reliability | FP5: Min (N)LOAEL | FQ5: Source | FR5: "internal" reliability | FS5: Exp/pred | FT5: Remarks | FU5: Subchronic-to-Chronic (UF=2) | FV5: Inter-species (UF=10) | FW5: Intra-species (UF=10) | FX5: LOAEL to NOAEL (UF=10) | FY5: DB UF (3-10) | FZ5: SF applied | GA5: Cramer Class | GB5: Cramer Class with Extension | GC5: TTC value (ug /kg bw/d) | GD5: TTC-source | GE5: HBGV EFSA OFT | GF5: sHBGV | GG5: HBGV | GH5: HBGV | GI5: SBL1 | GJ5: SBL2 | GK5: SBL3 | GL5: SBL4 | GM5: chemical-specific-SBL remarks | GN5: SBL1 | GO5: SBL2 | GP5: SBL3 | GQ5: SBL4 | GR5: TTC-derived-SBL remarks | GS5: VEGA-Developmental Toxicity model (CAESAR) | GT5: VEGA-Developmental/Reproductive Toxicity library (PG) | GU5: VEGA-Developmental Toxicity model (CAESAR) | GV5: Reliability | GW5: VEGA-Developmental/Reproductive Toxicity library (PG) | GX5: Reliability | GY5: P&G DART scheme QSAR Toolbox | GZ5: Estrogen Receptor-mediated effect (IRFMN-CERAPP) | HA5: Estrogen Receptor Relative Binding Affinity model (IRFMN) | HB5: Androgen Receptor-mediated effect (IRFMN-COMPARA) | HC5: other | HD5: source | HE5: Estrogen Receptor-mediated effect (IRFMN-CERAPP) | HF5: Reliability | HG5: Estrogen Receptor Relative Binding Affinity model (IRFMN) | HH5: Reliability | HI5: Androgen Receptor-mediated effect (IRFMN-COMPARA) | HJ5: Reliability | HK5: Estrogen Receptor Binding QSAR Toolbox | HL5: VEGA-Thyroid receptor alpha effect | HM5: VEGA-Thyroid receptor beta effect | HN5: Other | HO5: VEGA-Thyroid receptor alpha effect | HP5: Reliability | HQ5: VEGA-Thyroid receptor beta effect | HR5: Reliability | HS5: VEGA-Aromatase activity model (IRFMN) | HT5: VEGA-Aromatase activity model (TOX21) | HU5: VEGA-Aromatase activity model (IRFMN) | HV5: Reliability | HW5: VEGA-Aromatase activity model (TOX21) | HX5: Reliability | HY5: VEGA-Endocrine disruptor activity screening (IRFMN) | HZ5: Reliability | IA5: VEGA-Endocrine disruptor activity screening (IRFMN) | IB5: Reliability | IC5: SBL 1 | ID5: SBL 2 | IE5: SBL 3 | IF5: SBL 4 | IH5: SBL TO BE CHECKED
A6: 110-82-7 | B6: N-00001 | C6: C1CCCCC1 | F6: C1CCCCC1 | I6: Cyclohexane | M6: Negative | U6: NON-Mutagenic | W6: Negative | X6: Negative | Z6: Negative | AD6: Negative, | AF6: Negative, | AJ6: NON-Mutagenic | AK6: 0 | AL6: 1 | AM6: NON-Mutagenic | AN6: GOOD | AO6: Possible NON-Mutagenic | AP6: GOOD | AQ6: NON-Mutagenic | AR6: MODERATE | AS6: NON-Mutagenic | AU6: Negative | AW6: Negative | AX6: [No Alerts] | AY6: Negative | AZ6: 0.341 | BB6: Negative | BC6: 0.221 | BD6: Not In Domain | BE6: 0.157 | BF6: Negative | BH6: Experimental | BI6: VEGA, Leadscope, ECHA REACH, ICE | BU6: Inactive | BV6: GOOD | BW6: NON-genotoxic | BX6: MODERATE-Predictions NOT in agreement | BY6: Not In Domain | BZ6: 0.618 | CA6: No alerts for the micronucleus assay (Class II) | CC6: Negative | CD6: Negative | CF6: Negative | CG6: 0.468 | CH6: Negative | CI6: 0.517 | CL6: Negative | CM6: Inactive | CP6: Negative | CR6: Negative | CW6: Not In Domain | CX6: Negative | CY6: Inactive | CZ6: Negative | DA6: Not In Domain | DB6: Negative | DC6: Negative | DD6: Negative | DL6: Negative | DM6: Negative | DN6: Not In Domain | DO6: Not In Domain | DP6: Not In Domain | DS6: 402.727 | DU6: 173.493 | DX6: no | DZ6: no | FA6: 35.34 | FB6: MODERATE | FC6: 195.07427 | FD6: LOW | FE6: 47.141131 | FF6: YES | FH6: 95.984255 | FI6: LOW | FJ6: 83.5 | FK6: maybe | FL6: 51.3 | FM6: 196.24563 | FN6: YES | FP6: 5.13 | FQ6: Mazzatorta | FS6: PRED | FU6: 1 | FV6: 10 | FW6: 10 | FX6: 10 | FY6: 3 | FZ6: =FU6*FV6*FW6*FX6*FY6 -> 3000 | GA6: Low (Class I) | GB6: Low (Class I) | GC6: 30 | GD6: ToxTree, Nestlé Lazar, QSAR ToolBox v 4.4 | GF6: 0.0171 | GU6: NON-Toxicant | GV6: LOW | GW6: NON-Toxicant | GX6: LOW | GY6: Not known precedent reproductive and developmental toxic potential | HE6: Not predicted | HF6: LOW | HG6: Inactive | HH6: MODERATE | HI6: NON-active | HJ6: GOOD | HK6: Non binder, without OH or NH2 group | HL6: Inactive | HM6: Inactive | HO6: Inactive | HP6: EXPERIMENTAL | HQ6: Inactive | HR6: EXPERIMENTAL | HU6: Inactive | HV6: GOOD | HW6: Not predicted | HX6: LOW | IA6: Inactive | IB6: [Model ]Unable to perform Applicability Domain check. | IH6: no
A7: 110-54-3 | B7: N-00002 | C7: CCCCCC | F7: CCCCCC | I7: n-Hexane | M7: Negative | O7: NON-Mutagenic | Q7: NON-Mutagenic | U7: NON-Mutagenic | W7: Negative | X7: Negative | Z7: Negative | AD7: Negative, | AF7: Negative, | AJ7: NON-Mutagenic | AK7: 0 | AL7: 1 | AM7: NON-Mutagenic | AN7: EXPERIMENTAL | AO7: Possible NON-Mutagenic | AQ7: NON-Mutagenic | AR7: MODERATE | AS7: NON-Mutagenic | AU7: Negative | AW7: Negative | AX7: [No Alerts] | AY7: Negative | AZ7: 0.149 | BB7: Negative | BC7: 0.0751 | BD7: Not In Domain | BE7: 0.167 | BF7: Negative | BH7: Experimental | BI7: VEGA, Leadscope, ECHA REACH, ICE | BO7: Negative | BQ7: Negative, | BS7: NON-genotoxic | BU7: Inactive | BV7: GOOD | BW7: NON-genotoxic | BX7: EXPERIMENTAL-Both predictions in agreement | BY7: Negative | BZ7: 0.371 | CA7: No alerts for the micronucleus assay (Class II) | CF7: Not In Domain | CG7: 0.327 | CH7: Not In Domain | CI7: 0.42 | CK7: Negative | CM7: Inactive | CP7: Positive | CQ7: Positive | CW7: Negative | CX7: Not In Domain | CY7: Inactive | CZ7: Positive | DA7: Positive | DB7: Not In Domain | DC7: Positive | DD7: Positive | DL7: Positive | DM7: Positive | DN7: Not In Domain | DO7: Not In Domain | DP7: Not In Domain | DQ7: I | DR7: 30300 | DS7: 114.884 | DU7: 166.248 | DW7: 6.39 | DX7: maybe | DY7: 77.9 | DZ7: maybe | EK7: 568 | EL7: subchronic | FA7: 31.81 | FB7: MODERATE | FC7: 82.889592 | FD7: LOW | FE7: 23.65375 | FF7: YES | FH7: 53.174082 | FI7: LOW | FJ7: 17.3 | FK7: maybe | FL7: 68.8 | FM7: 91.348201 | FN7: YES | FP7: 284 | FQ7: ECHA-exp | FS7: exp | FU7: 2 | FV7: 10 | FW7: 10 | FX7: 1 | FY7: 3 | FZ7: =FU7*FV7*FW7*FX7*FY7 -> 600 | GA7: Low (Class I) | GB7: Low (Class I) | GC7: 30 | GD7: ToxTree, Nestlé Lazar, QSAR ToolBox v 4.4 | GF7: 0.0057666667 | GI7: 6.311 | GJ7: 11.833 | GK7: 18.933 | GL7: 47.333 | GM7: ∆log<1 | GN7: 0.2 | GO7: 0.375 | GP7: 0.6 | GQ7: 1.5 | GT7: Reproductive toxicant, developmental NON-toxicant | GU7: NON-Toxicant | GV7: LOW | GW7: Reproductive toxicant, developmental NON-toxicant | GY7: Known precedent reproductive and developmental toxic potential;Miscellaneous non-cyclic chemicals (20) | HE7: Not predicted | HF7: LOW | HG7: Inactive | HH7: MODERATE | HI7: NON-active | HJ7: GOOD | HK7: Non binder, non cyclic structure | HL7: Inactive | HM7: Inactive | HO7: Inactive | HP7: EXPERIMENTAL | HQ7: Inactive | HR7: EXPERIMENTAL | HU7: Inactive | HV7: GOOD | HW7: Not predicted | HX7: LOW | IA7: Inactive | IB7: [Model ]Unable to perform Applicability Domain check. | IC7: 6.311 | ID7: 11.833 | IE7: 18.933 | IF7: 47.333 | IH7: yes
A8: 107-83-5 | B8: N-00003 | C8: CCCC(C)C | F8: CCCC(C)C | I8: 2-Methylpentane | AJ8: NON-Mutagenic | AK8: 0 | AL8: 0.825 | AM8: NON-Mutagenic | AN8: GOOD | AO8: NON-Mutagenic | AP8: GOOD | AQ8: NON-Mutagenic | AR8: MODERATE | AS8: NON-Mutagenic | AT8: GOOD | AU8: Inconclusive | AW8: Not In Domain | AX8: [No Alerts] | AY8: Not In Domain | AZ8: 0.15 | BB8: Not In Domain | BC8: 0.0747 | BD8: Not In Domain | BE8: 0.186 | BF8: Negative | BG8: Reliable (consensus score > = 0.5) | BH8: Predicted | BI8: VEGA | BU8: Inactive | BV8: GOOD | BW8: NON-genotoxic | BX8: MODERATE-Both predictions in agreement | BY8: Not In Domain | BZ8: 0.373 | CA8: No alerts for the micronucleus assay (Class II) | CF8: Not In Domain | CG8: 0.264 | CH8: Not In Domain | CI8: 0.322 | CW8: Not In Domain | CX8: Not In Domain | CY8: Inactive | CZ8: Not In Domain | DA8: Not In Domain | DB8: Not In Domain | DL8: Not In Domain | DM8: Not In Domain | DN8: Not In Domain | DO8: Not In Domain | DP8: Not In Domain | DS8: 217.628 | DU8: 210.446 | DW8: 88.1 | DX8: maybe | DY8: 257 | DZ8: maybe | FA8: 28.95 | FB8: MODERATE | FC8: 102.94375 | FD8: LOW | FE8: 16.958991 | FF8: YES | FH8: 60.380958 | FI8: LOW | FJ8: 67.5 | FK8: maybe | FL8: 49.1 | FM8: 55.030062 | FN8: YES | FP8: 2.7515031 | FQ8: CORAL LOAEL | FS8: PRED | FU8: 2 | FV8: 10 | FW8: 10 | FX8: 10 | FY8: 3 | FZ8: =FU8*FV8*FW8*FX8*FY8 -> 6000 | GA8: Low (Class I) | GB8: Low (Class I) | GC8: 30 | GD8: ToxTree, Nestlé Lazar, QSAR ToolBox v 4.4 | GF8: 0.016366667 | GN8: 0.2 | GO8: 0.375 | GP8: 0.6 | GQ8: 1.5 | GU8: NON-Toxicant | GV8: LOW | GW8: NON-Toxicant | GX8: LOW | GY8: Not known precedent reproductive and developmental toxic potential | HE8: Not predicted | HF8: LOW | HG8: Inactive | HH8: MODERATE | HI8: NON-active | HJ8: MODERATE | HK8: Non binder, non cyclic structure | HL8: Inactive | HM8: Inactive | HO8: Inactive | HP8: EXPERIMENTAL | HQ8: Inactive | HR8: EXPERIMENTAL | HU8: Inactive | HV8: GOOD | HW8: Not predicted | HX8: LOW | IA8: Inactive | IB8: [Model ]Unable to perform Applicability Domain check. | IH8: no | IK8: This substance is authorised to be used as it is covered by the SML for FCM substance 3 and 13 as mixture of alcohols.
A9: 19549-87-2 | B9: N-00004 | C9: CCC[C@H](CC(C)=C)C | F9: C=C(C)CC(C)CCC | I9: 2,4-dimethyl-1-heptene | AJ9: NON-Mutagenic | AK9: 0 | AL9: 0.9 | AM9: NON-Mutagenic | AN9: GOOD | AO9: NON-Mutagenic | AP9: GOOD | AQ9: NON-Mutagenic | AR9: GOOD | AS9: NON-Mutagenic | AT9: GOOD | AU9: Negative | AW9: Negative | AX9: [No Alerts] | AY9: Negative | AZ9: 0.155 | BB9: Negative | BC9: 0.0927 | BD9: Not In Domain | BE9: 0.104 | BF9: Negative | BG9: Reliable (consensus score > = 0.5) | BH9: Predicted | BI9: VEGA | BU9: Inactive | BV9: GOOD | BW9: NON-genotoxic | BX9: GOOD-Both predictions in agreement | BY9: Negative | BZ9: 0.359 | CA9: No alerts for the micronucleus assay (Class II) | CF9: Negative | CG9: 0.0839 | CH9: Negative | CI9: 0.0797 | CW9: Negative | CX9: Negative | CY9: Inactive | CZ9: Negative | DA9: Negative | DB9: Negative | DL9: Positive | DM9: Negative | DN9: Positive | DO9: Negative | DP9: Not In Domain | DS9: 284.805 | DU9: 318.527 | DX9: no | DY9: 7200 | DZ9: maybe | FA9: 23.34 | FB9: MODERATE | FC9: 116.78848 | FD9: MODERATE | FE9: 24.468086 | FF9: YES | FH9: 100.71636 | FI9: MODERATE | FK9: no | FL9: 62.1 | FM9: 62.187056 | FN9: YES | FP9: 3.1093528 | FQ9: CORAL LOAEL | FS9: PRED | FU9: 2 | FV9: 10 | FW9: 10 | FX9: 10 | FY9: 3 | FZ9: =FU9*FV9*FW9*FX9*FY9 -> 6000 | GA9: Low (Class I) | GB9: Low (Class I) | GC9: 30 | GD9: ToxTree, Nestlé Lazar, QSAR ToolBox v 4.4 | GF9: 0.0207 | GN9: 0.2 | GO9: 0.375 | GP9: 0.6 | GQ9: 1.5 | GU9: NON-Toxicant | GV9: LOW | GW9: NON-Toxicant | GX9: LOW | GY9: Not known precedent reproductive and developmental toxic potential | HE9: Not predicted | HF9: LOW | HG9: Inactive | HH9: MODERATE | HI9: NON-active | HJ9: GOOD | HK9: Non binder, non cyclic structure | HO9: Inactive | HP9: GOOD | HQ9: Inactive | HR9: GOOD | HU9: Inactive | HV9: GOOD | HW9: Not predicted | HX9: LOW | IA9: Inactive | IB9: [Model ]Unable to perform Applicability Domain check. | IH9: no | IK9: This molecule is also known as analytical artefact formed in the GC injector from Erucamide.
A10: 67-64-1 | B10: N-00005 | C10: CC(C)=O | F10: O=C(C)C | I10: Acetone | M10: Negative | O10: NON-Mutagenic | Q10: NON-Mutagenic | U10: NON-Mutagenic | W10: Negative | X10: Negative | Z10: Negative | AD10: Negative, Ambiguous, | AF10: Negative, | AJ10: NON-Mutagenic | AK10: 0 | AL10: 1 | AM10: NON-Mutagenic | AN10: EXPERIMENTAL | AO10: Possible NON-Mutagenic | AQ10: NON-Mutagenic | AR10: MODERATE | AS10: NON-Mutagenic | AU10: Negative | AW10: Negative | AX10: [No Alerts] | AY10: Negative | AZ10: 0.281 | BB10: Negative | BC10: 0.173 | BD10: Negative | BE10: 0.238 | BF10: Negative | BH10: Experimental | BI10: VEGA, Leadscope, ICE | BO10: Negative | BQ10: Negative, | BR10: Negative, | BS10: NON-genotoxic | BU10: Not predicted | BV10: LOW | BW10: NON-genotoxic | BX10: EXPERIMENTAL-Both predictions in agreement | BY10: Negative | BZ10: 0.443 | CA10: No alerts for the micronucleus assay (Class II) | CD10: Negative | CF10: Not In Domain | CG10: 0.594 | CH10: Negative | CI10: 0.665 | CK10: Negative | CW10: Negative | CX10: Positive | CY10: Inactive | CZ10: Positive | DA10: Not In Domain | DB10: Negative | DC10: Negative | DD10: Negative | DL10: Negative | DM10: Negative | DN10: Not In Domain | DO10: Negative | DP10: Negative | DS10: 141.349 | DU10: 313.057 | DW10: 0.043 | DX10: maybe | DZ10: no | ED10: 900 | EF10: subchronic | EG10: 900 | EH10: subchronic | EI10: 100 | EJ10: subchronic | EK10: 900 | EL10: subchronic | FA10: 59.64 | FB10: MODERATE | FC10: 80.984145 | FD10: LOW | FE10: 54.337543 | FF10: YES | FH10: 42.540246 | FI10: MODERATE | FK10: no | FL10: 81.6 | FM10: 101.99996 | FN10: YES | FP10: 50 | FQ10: Munro Toolbox-exp | FS10: exp | FU10: 2 | FV10: 10 | FW10: 10 | FX10: 1 | FY10: 3 | FZ10: =FU10*FV10*FW10*FX10*FY10 -> 600 | GA10: Low (Class I) | GB10: Low (Class I) | GC10: 30 | GD10: ToxTree, Nestlé Lazar, QSAR ToolBox v 4.4 | GE10: 0.9 | GF10: 0.0272 | IH10: no | IK10: Nitriles may be analytical artefacts from amide slip agents formed in the GC injector.
A11: 1126-79-0 | B11: N-00006 | C11: CCCCOC1=CC=CC=C1 | F11: O(c1ccccc1)CCCC | I11: Benzene, butoxy- | W11: No Call Data Present | AD11: Negative, | AJ11: NON-Mutagenic | AK11: 0 | AL11: 0.4 | AM11: NON-Mutagenic | AN11: LOW | AO11: Possible NON-Mutagenic | AP11: LOW | AQ11: NON-Mutagenic | AR11: MODERATE | AS11: NON-Mutagenic | AT11: MODERATE | AU11: Negative | AW11: Negative | AX11: [No Alerts] | AY11: Negative | AZ11: 0.0739 | BB11: Negative | BC11: 0.0452 | BD11: Negative | BE11: 0.0484 | BF11: Negative | BH11: Experimental | BI11: ECHA REACH, | BU11: Not predicted | BV11: LOW | BW11: NON-genotoxic | BX11: GOOD-Both predictions in agreement | BY11: Negative | BZ11: 0.385 | CA11: No alerts for the micronucleus assay (Class II) | CF11: Negative | CG11: 0.403 | CH11: Negative | CI11: 0.143 | CW11: Positive | CX11: Negative | CY11: Inactive | CZ11: Negative | DA11: Negative | DB11: Not In Domain | DL11: Positive | DM11: Negative | DN11: Positive | DO11: Negative | DP11: Negative | DS11: 86.912 | DU11: 268.477 | DW11: 19.5 | DX11: maybe | DY11: 46.4 | DZ11: maybe | EY11: 30 | EZ11: subchronic | FA11: 13.67 | FB11: GOOD | FC11: 87.841552 | FD11: MODERATE | FE11: 108.81781 | FF11: YES | FH11: 137.94311 | FI11: MODERATE | FJ11: 53.3 | FK11: maybe | FL11: 56.3 | FM11: 496.02093 | FN11: YES | FP11: 1.5 | FQ11: ECHA-exp | FS11: exp | FU11: 2 | FV11: 10 | FW11: 10 | FX11: 10 | FY11: 3 | FZ11: =FU11*FV11*FW11*FX11*FY11 -> 6000 | GA11: Intermediate (Class II) | GB11: Intermediate (Class II) | GC11: 9 | GD11: Nestlé Lazar, QSAR ToolBox v 4.4, | GF11: 0.005 | GN11: 0.06 | GO11: 0.1125 | GP11: 0.18 | GQ11: 0.45 | GU11: NON-Toxicant | GV11: LOW | GW11: NON-Toxicant | GX11: MODERATE | GY11: Not known precedent reproductive and developmental toxic potential | HE11: Not predicted | HF11: LOW | HG11: Inactive | HH11: LOW | HI11: NON-active | HJ11: GOOD | HK11: Non binder, without OH or NH2 group | HO11: Inactive | HP11: GOOD | HQ11: Inactive | HR11: GOOD | HU11: Inactive | HV11: GOOD | HW11: Not predicted | HX11: LOW | IA11: Inactive | IB11: [Model ]Unable to perform Applicability Domain check. | IH11: no | IK11: This substance is authorised to be used as it is covered by the SML for FCM substance 9 or 10 as mixture of acids.
A12: 108-95-2 | B12: N-00007 | C12: OC1=CC=CC=C1 | F12: Oc1ccccc1 | I12: Phenol | M12: Negative | N12: doi:10.2903/j.efsa.2013.3189 | S12: NON-Mutagenic | U12: NON-Mutagenic | W12: Negative | X12: Negative | Z12: Negative | AB12: Negative | AD12: Negative, Ambiguous, | AF12: Negative, | AH12: [-] | AJ12: NON-Mutagenic | AK12: 0 | AL12: 1 | AM12: NON-Mutagenic | AN12: MODERATE | AO12: Possible NON-Mutagenic | AP12: GOOD | AQ12: NON-Mutagenic | AS12: NON-Mutagenic | AU12: Negative | AW12: Negative | AX12: [No Alerts] | AY12: Negative | AZ12: 0.0923 | BB12: Negative | BC12: 0.103 | BD12: Negative | BE12: 0.205 | BF12: Negative-ambiguous | BH12: Experimental | BI12: ECHA REACH | BK12: positive | BL12: [+] | BM12: Active | BO12: Positive | BP12: [+] (hypothermia) | BQ12: Positive, | BR12: Positive, | BS12: Genotoxic | BU12: Not predicted | BV12: EXPERIMENTAL | BW12: Genotoxic | BX12: EXPERIMENTAL-Both predictions in agreement | BY12: Positive | BZ12: 0.613 | CA12: No alerts for the micronucleus assay (Class II) | CF12: Not In Domain | CG12: 0.566 | CH12: Positive | CI12: 0.544 | CK12: Positive | CL12: Negative | CM12: Active | CP12: Positive | CQ12: Positive | CR12: Positive | CS12: [-] | CW12: Positive | CX12: Negative | CY12: Active | CZ12: Positive | DA12: Positive | DB12: Positive | DC12: Positive | DD12: Positive | DE12: Positive | DJ12: [+] | DL12: Positive | DM12: Positive | DN12: Positive | DO12: Negative | DP12: Negative | DQ12: I | DR12: I | DS12: 188.329 | DU12: 449.573 | DW12: 134 | DX12: maybe | DY12: 233 | DZ12: maybe | ED12: 52 (BMDL10) | EF12: devtox | EG12: 52 | EH12: devtox | EI12: 153 | EJ12: chronic | EN12: 344.19323 | FA12: 21.02 | FB12: GOOD | FC12: 52.710848 | FD12: MODERATE | FE12: 59.347168 | FF12: YES | FH12: 120.53134 | FI12: MODERATE | FJ12: 112 | FK12: maybe | FL12: 71.9 | FM12: 152.58084 | FN12: YES | FP12: 34.419323 | FQ12: Lazar-exp | FS12: exp | FU12: 1 | FV12: 10 | FW12: 10 | FX12: 10 | FY12: 1 | FZ12: =FU12*FV12*FW12*FX12*FY12 -> 1000 | GA12: Low (Class I) | GB12: High (Class III) | GC12: 1.5 | GD12: Nestlé Lazar, QSAR ToolBox v 4.4, | GE12: 0.5 mg/kg-day (TDI)-applicable only to Phenol | GF12: 0.060265672 | GG12: 3E-1 mg/kg-day (US EPA RfD only for Phenol) | IH12: no | IK12: This molecule is present in paraffinic waxes and is therefore covered by its SML.
A13: 80-56-8 | B13: N-00008 | C13: CC1=CC[C@H]2C[C@@H]1C2(C)C | F13: C1=C(C)C2CC(C1)C2(C)(C) | I13: alpha-Pinene | M13: Negative | O13: NON-Mutagenic | Q13: NON-Mutagenic | U13: NON-Mutagenic | W13: Negative (3) | X13: Negative (3) | AF13: Negative, | AJ13: NON-Mutagenic | AK13: 0 | AL13: 1 | AM13: NON-Mutagenic | AN13: EXPERIMENTAL | AO13: NON-Mutagenic | AQ13: NON-Mutagenic | AR13: GOOD | AS13: NON-Mutagenic | AU13: Negative | AW13: Negative (3) | AX13: [No Alerts] | AY13: Negative (3) | AZ13: 0.108 | BB13: Negative | BC13: 0.0507 | BD13: Negative | BE13: 0.109 | BF13: Negative | BH13: Experimental | BI13: VEGA, ICE | BO13: Negative | BQ13: Negative, | BS13: NON-genotoxic | BU13: Inactive | BV13: GOOD | BW13: NON-genotoxic | BX13: EXPERIMENTAL-Both predictions in agreement | BY13: Negative | BZ13: 0.418 | CA13: No alerts for the micronucleus assay (Class II) | CF13: Negative | CG13: 0.233 | CH13: Negative | CI13: 0.404 | CW13: Negative | CX13: Negative | CY13: Inactive | CZ13: Not In Domain | DA13: Not In Domain | DB13: Not In Domain | DL13: Positive | DM13: Negative | DN13: Not In Domain | DO13: Negative | DP13: Not In Domain | DS13: 404.195 | DU13: 286.684 | DX13: no | DZ13: no | FA13: 17.75 | FB13: MODERATE | FC13: 85.585462 | FD13: MODERATE | FE13: 33.596961 | FF13: NO, reject prediction | FH13: 21.892734 | FI13: MODERATE | FK13: no | FL13: 31.5 | FM13: 201.27971 | FN13: NO, reject prediction | FP13: 3.15 | FQ13: Mazzatorta | FS13: PRED | FU13: 1 | FV13: 10 | FW13: 10 | FX13: 10 | FY13: 3 | FZ13: =FU13*FV13*FW13*FX13*FY13 -> 3000 | GA13: Low (Class I) | GB13: Low (Class I) | GC13: 30 | GD13: ToxTree, Nestlé Lazar, QSAR ToolBox v 4.4 | GF13: 0.0105 | IH13: no | IK13: Molecule is difficult to identify by GC-MS as it could be another saturated hydrocarbon as well. Note that this molecule may be part of POSH and should be assessed by its restriction.
A14: 108-88-3 | B14: N-00009 | C14: CC1=CC=CC=C1 | F14: c1ccc(cc1)C | I14: Toluene | O14: NON-Mutagenic | Q14: NON-Mutagenic | S14: NON-Mutagenic | U14: NON-Mutagenic | W14: Negative | X14: Negative | Z14: Negative | AD14: Negative, | AF14: Negative, | AH14: [-] | AJ14: NON-Mutagenic | AK14: 0 | AL14: 1 | AM14: NON-Mutagenic | AN14: EXPERIMENTAL | AO14: Possible NON-Mutagenic | AQ14: NON-Mutagenic | AS14: NON-Mutagenic | AU14: Negative | AW14: Negative | AX14: [No Alerts] | AY14: Negative | AZ14: 0.238 | BB14: Negative | BC14: 0.178 | BD14: Negative | BE14: 0.205 | BF14: Negative | BH14: Experimental | BI14: VEGA, Leadscope, ECHA REACH, ICE | BL14: [-] | BM14: Inactive | BO14: Negative | BP14: equivocal | BQ14: Negative, | BU14: Not predicted | BV14: EXPERIMENTAL | BW14: Genotoxic | BX14: MODERATE-Both predictions in agreement | BY14: Negative | BZ14: 0.512 | CA14: No alerts for the micronucleus assay (Class II) | CF14: Positive | CG14: 0.511 | CH14: Negative | CI14: 0.384 | CK14: Negative | CL14: Negative | CM14: Inactive | CN14: [-] | CS14: [E] | CW14: Negative | CX14: Negative | CY14: Inactive | CZ14: Negative | DA14: Negative | DB14: Negative | DC14: Negative | DD14: Negative | DE14: Negative | DJ14: [-] | DL14: Negative | DM14: Negative | DN14: Negative | DO14: Not In Domain | DP14: Not In Domain | DQ14: 3060m | DR14: I | DS14: 131.608 | DU14: 149.186 | DW14: 2720 | DX14: yes | DY14: 60.9 | DZ14: maybe | EI14: 590 | EJ14: subchronic | EK14: 625 | EL14: subchronic | FA14: 6.97 | FB14: GOOD | FC14: 40.513522 | FD14: MODERATE | FE14: 47.380539 | FF14: YES | FH14: 79.487713 | FI14: MODERATE | FJ14: 8.17 | FK14: maybe | FL14: 54 | FM14: 182.38957 | FN14: YES | FP14: 295 | FQ14: Munro Toolbox-exp | FS14: exp | FU14: 2 | FV14: 10 | FW14: 10 | FX14: 1 | FY14: 3 | FZ14: =FU14*FV14*FW14*FX14*FY14 -> 600 | GA14: Low (Class I) | GB14: High (Class III) | GC14: 1.5 | GD14: Nestlé Lazar, QSAR ToolBox v 4.4, | GF14: 0.0027233333 | IH14: no
A15: 100-51-6 | B15: N-00010 | C15: OCC1=CC=CC=C1 | F15: OCc1ccccc1 | I15: Benzyl alcohol | M15: Negative | O15: NON-Mutagenic | Q15: NON-Mutagenic | S15: NON-Mutagenic | U15: NON-Mutagenic | W15: Negative | X15: Negative | Z15: Negative | AD15: Negative, | AF15: Negative, | AH15: [-] | AJ15: NON-Mutagenic | AK15: 0 | AL15: 1 | AM15: NON-Mutagenic | AN15: EXPERIMENTAL | AO15: Possible NON-Mutagenic | AQ15: NON-Mutagenic | AS15: NON-Mutagenic | AU15: Negative | AW15: Negative | AX15: [No Alerts] | AY15: Negative | AZ15: 0.183 | BB15: Negative | BC15: 0.227 | BD15: Negative | BE15: 0.236 | BF15: Negative | BH15: Experimental | BI15: VEGA, Leadscope, ECHA REACH, ICE | BK15: negative | BL15: [-] | BO15: Negative | BP15: [-] | BR15: Negative, | BS15: NON-genotoxic | BU15: Not predicted | BV15: LOW | BW15: NON-genotoxic | BX15: EXPERIMENTAL-Both predictions in agreement | BY15: Negative | BZ15: 0.284 | CA15: No alerts for the micronucleus assay (Class II) | CF15: Negative | CG15: 0.462 | CH15: Negative | CI15: 0.496 | CK15: Positive | CL15: Negative | CN15: [-] | CW15: Positive | CX15: Negative | CY15: Inactive | CZ15: Negative | DA15: Negative | DB15: Negative | DC15: Negative | DD15: Negative | DJ15: [+] | DL15: Negative | DM15: Negative | DN15: Positive | DO15: Negative | DP15: Negative | DQ15: I | DR15: I | DS15: 102.78 | DU15: 148.518 | DW15: 166 | DX15: maybe | DY15: 55.1 | DZ15: maybe | ED15: 400 | EF15: chronic | EK15: 400 | EL15: chronic | EW15: 200 | EX15: chronic | FA15: 22.14 | FB15: MODERATE | FC15: 84.255838 | FD15: MODERATE | FE15: 230.78097 | FF15: YES | FH15: 157.9065 | FI15: MODERATE | FJ15: 62.5 | FK15: maybe | FL15: 232 | FM15: 642.39182 | FN15: YES | FP15: 20 | FQ15: Munro ToolBox-exp | FS15: exp | FU15: 1 | FV15: 10 | FW15: 10 | FX15: 10 | FY15: 3 | FZ15: =FU15*FV15*FW15*FX15*FY15 -> 3000 | GA15: Low (Class I) | GB15: Low (Class I) | GC15: 30 | GD15: ToxTree, Nestlé Lazar, QSAR ToolBox v 4.4 | GE15: 4 | GF15: 0.020833333 | IH15: no
A16: 75-85-4 | B16: N-00011 | C16: CCC(C)(O)C | F16: OC(C)(C)CC | I16: 2-methyl-2-butanol | M16: Negative | W16: No Call Data Present | AD16: Negative, | AJ16: NON-Mutagenic | AK16: 0 | AL16: 0.9 | AM16: NON-Mutagenic | AN16: GOOD | AO16: Possible NON-Mutagenic | AP16: GOOD | AQ16: NON-Mutagenic | AR16: GOOD | AS16: NON-Mutagenic | AT16: GOOD | AU16: Negative | AW16: Negative | AX16: [No Alerts] | AY16: Negative | AZ16: 0.198 | BB16: Negative | BC16: 0.121 | BD16: Negative | BE16: 0.206 | BF16: Negative | BH16: Experimental | BI16: ECHA REACH, | BU16: Inactive | BV16: GOOD | BW16: NON-genotoxic | BX16: GOOD-Both predictions in agreement | BY16: Negative | BZ16: 0.376 | CA16: No alerts for the micronucleus assay (Class II) | CF16: Negative | CG16: 0.355 | CH16: Negative | CI16: 0.438 | CW16: Not In Domain | CX16: Negative | CY16: Inactive | CZ16: Negative | DA16: Negative | DB16: Negative | DL16: Positive | DM16: Negative | DN16: Positive | DO16: Negative | DP16: Negative | DS16: 161.086 | DU16: 141.006 | DW16: 213 | DX16: maybe | DY16: 9570 | DZ16: maybe | FA16: 61.63 | FB16: LOW | FC16: 52.17951 | FD16: MODERATE | FE16: 57.319184 | FF16: YES | FH16: 137.65754 | FI16: MODERATE | FK16: no | FL16: 41.1 | FM16: 163.07974 | FN16: YES | FP16: 4.11 | FQ16: Mazzatorta | FS16: PRED | FU16: 1 | FV16: 10 | FW16: 10 | FX16: 10 | FY16: 3 | FZ16: =FU16*FV16*FW16*FX16*FY16 -> 3000 | GA16: High (Class III) | GB16: High (Class III) | GC16: 1.5 | GD16: ToxTree, Nestlé Lazar, QSAR ToolBox v 4.4 | GF16: 0.0137 | GI16: 0.091 | GJ16: 0.171 | GK16: 0.274 | GL16: 0.685 | GM16: ∆log<1 | GN16: 0.01 | GO16: 0.01875 | GP16: 0.03 | GQ16: 0.075 | GU16: NON-Toxicant | GV16: LOW | GW16: Toxicant | GX16: GOOD | GY16: Not known precedent reproductive and developmental toxic potential | HE16: Not predicted | HF16: LOW | HG16: Inactive | HH16: GOOD | HI16: NON-active | HJ16: GOOD | HK16: Non binder, non cyclic structure | HL16: Inactive | HM16: Inactive | HO16: Inactive | HP16: EXPERIMENTAL | HQ16: Inactive | HR16: EXPERIMENTAL | HU16: Inactive | HV16: GOOD | HW16: Not predicted | HX16: LOW | IA16: Inactive | IB16: [Model ]Unable to perform Applicability Domain check. | IC16: 0.091 | ID16: 0.171 | IE16: 0.274 | IF16: 0.685 | IH16: yes
A17: 763-32-6 | B17: N-00012 | C17: CC(CCO)=C | F17: OCCC(=C)C | I17: 3-buten-1-ol, 3-methyl | M17: Negative | W17: No Call Data Present | AD17: Negative, | AJ17: NON-Mutagenic | AK17: 0 | AL17: 0.9 | AM17: NON-Mutagenic | AN17: GOOD | AO17: Possible NON-Mutagenic | AP17: GOOD | AQ17: NON-Mutagenic | AR17: GOOD | AS17: NON-Mutagenic | AT17: GOOD | AU17: Negative | AW17: Negative | AX17: [No Alerts] | AY17: Negative | AZ17: 0.236 | BB17: Negative | BC17: 0.2 | BD17: Negative | BE17: 0.209 | BF17: Negative | BH17: Experimental | BI17: ECHA REACH, | BU17: Not predicted | BV17: LOW | BW17: NON-genotoxic | BX17: GOOD-Both predictions in agreement | BY17: Negative | BZ17: 0.377 | CA17: No alerts for the micronucleus assay (Class II) | CF17: Negative | CG17: 0.478 | CH17: Negative | CI17: 0.463 | CW17: Not In Domain | CX17: Negative | CY17: Inactive | CZ17: Negative | DA17: Negative | DB17: Negative | DL17: Positive | DM17: Negative | DN17: Positive | DO17: Negative | DP17: Negative | DS17: 140.737 | DU17: 209.155 | DW17: 979 | DX17: maybe | DY17: 947 | DZ17: maybe | FA17: 66.16 | FB17: LOW | FC17: 114.86825 | FD17: MODERATE | FE17: 41.010966 | FF17: YES | FH17: 95.499259 | FI17: MODERATE | FK17: no | FL17: 237 | FM17: 80.686337 | FN17: YES | FP17: 4.0343169 | FQ17: CORAL LOAEL | FS17: PRED | FU17: 2 | FV17: 10 | FW17: 10 | FX17: 10 | FY17: 3 | FZ17: =FU17*FV17*FW17*FX17*FY17 -> 6000 | GA17: Low (Class I) | GB17: Low (Class I) | GC17: 30 | GD17: ToxTree, Nestlé Lazar, QSAR ToolBox v 4.4 | GF17: 0.06835161 | GN17: 0.2 | GO17: 0.375 | GP17: 0.6 | GQ17: 1.5 | GU17: Toxicant | GV17: GOOD | GW17: Toxicant | GX17: GOOD | GY17: Not known precedent reproductive and developmental toxic potential | HE17: Not predicted | HF17: LOW | HG17: Inactive | HH17: GOOD | HI17: NON-active | HJ17: GOOD | HK17: Non binder, non cyclic structure | HO17: Inactive | HP17: GOOD | HQ17: Inactive | HR17: GOOD | HU17: Inactive | HV17: GOOD | HW17: Not predicted | HX17: LOW | IA17: Inactive | IB17: [Model ]Unable to perform Applicability Domain check. | IH17: no
A18: 109-86-4 | B18: N-00013 | C18: COCCO | F18: OCCOC | I18: Ethanol, 2-methoxy- | O18: NON-Mutagenic | Q18: NON-Mutagenic | U18: NON-Mutagenic | W18: Negative | X18: Negative | Z18: Negative | AD18: Negative, | AF18: Negative, | AH18: [-] | AJ18: NON-Mutagenic | AK18: 0 | AL18: 1 | AM18: NON-Mutagenic | AN18: EXPERIMENTAL | AO18: Possible NON-Mutagenic | AQ18: NON-Mutagenic | AR18: MODERATE | AS18: NON-Mutagenic | AU18: Negative | AW18: Negative | AX18: [No Alerts] | AY18: Negative | AZ18: 0.231 | BB18: Negative | BC18: 0.2 | BD18: Negative | BE18: 0.306 | BF18: Negative | BH18: Experimental | BI18: VEGA, Leadscope, ECHA REACH, ICE | BU18: Not predicted | BV18: LOW | BW18: NON-genotoxic | BX18: MODERATE-Both predictions in agreement | BY18: Positive | BZ18: 0.713 | CA18: At least one positive structural alerts for the micronucleus assay (Class I) | CF18: Not In Domain | CG18: 0.599 | CH18: Positive | CI18: 0.709 | CN18: [-] | CP18: Negative | CQ18: Negative | CS18: [-] | CW18: Not In Domain | CX18: Not In Domain | CY18: Inactive | CZ18: Negative | DA18: Negative | DB18: Not In Domain | DF18: Positive | DG18: Positive | DJ18: [+] | DL18: Not In Domain | DM18: Positive | DN18: Positive | DO18: Positive | DP18: Positive | DS18: 88.289 | DU18: 174.802 | DW18: 184 | DX18: maybe | DY18: 232 | DZ18: maybe | EK18: 11 | EL18: devtox | EW18: 25 | EX18: devtox | FA18: 82.72 | FB18: MODERATE | FC18: 83.96533 | FD18: LOW | FE18: 289.26774 | FF18: YES | FH18: 178.93694 | FI18: MODERATE | FJ18: 702 | FK18: maybe | FL18: 229 | FM18: 720.94146 | FN18: YES | FP18: 2.5 | FQ18: Munro ToolBox-exp | FS18: exp | FU18: 1 | FV18: 10 | FW18: 10 | FX18: 10 | FY18: 1 | FZ18: =FU18*FV18*FW18*FX18*FY18 -> 1000 | GA18: Low (Class I) | GB18: Low (Class I) | GC18: 30 | GD18: ToxTree, Nestlé Lazar, QSAR ToolBox v 4.4 | GF18: 0.025 | GN18: 0.2 | GO18: 0.375 | GP18: 0.6 | GQ18: 1.5 | GT18: Reproductive and developmental toxicant | GU18: Toxicant | GV18: GOOD | GW18: Reproductive and developmental toxicant | GX18: EXPERIMENTAL | GY18: Alkoxy propanol derivatives;Di-substituted hydrocarbons (24a);Known precedent reproductive and developmental toxic potential | GZ18: NON-active | HB18: NON-active | HE18: NON-active | HF18: EXPERIMENTAL | HG18: Inactive | HH18: GOOD | HI18: NON-active | HJ18: EXPERIMENTAL | HK18: Non binder, non cyclic structure | HL18: Inactive | HM18: Inactive | HO18: Inactive | HP18: EXPERIMENTAL | HQ18: Inactive | HR18: EXPERIMENTAL | HU18: Inactive | HV18: GOOD | HW18: Not predicted | HX18: LOW | IA18: Inactive | IB18: [Model ]Unable to perform Applicability Domain check. | IH18: no
A19: 637-92-3 | B19: N-00014 | C19: CCOC(C)(C)C | F19: O(CC)C(C)(C)C | I19: Propane, 2-ethoxy-2-methyl- | M19: Negative | O19: NON-Mutagenic | Q19: NON-Mutagenic | U19: NON-Mutagenic | W19: Negative | X19: Negative | Z19: Negative | AD19: Negative, | AF19: Negative, | AJ19: NON-Mutagenic | AK19: 0 | AL19: 1 | AM19: NON-Mutagenic | AN19: EXPERIMENTAL | AO19: NON-Mutagenic | AQ19: NON-Mutagenic | AR19: MODERATE | AS19: NON-Mutagenic | AU19: Negative | AW19: Negative | AX19: [No Alerts] | AY19: Negative | AZ19: 0.262 | BB19: Negative | BC19: 0.0851 | BD19: Negative | BE19: 0.194 | BF19: Negative | BH19: Experimental | BI19: VEGA, Leadscope, ECHA REACH, ICE | BO19: Negative | BQ19: Negative, | BR19: Negative, | BS19: NON-genotoxic | BU19: Inactive | BV19: GOOD | BW19: NON-genotoxic | BX19: EXPERIMENTAL-Both predictions in agreement | BY19: Negative | BZ19: 0.475 | CA19: No alerts for the micronucleus assay (Class II) | CF19: Positive | CG19: 0.504 | CH19: Negative | CI19: 0.498 | CW19: Not In Domain | CX19: Positive | CY19: Inactive | CZ19: Negative | DA19: Positive | DB19: Not In Domain | DL19: Positive | DM19: Positive | DN19: Positive | DO19: Negative | DP19: Negative | DS19: 198.303 | DU19: 224.96 | DX19: no | DY19: 3100 | DZ19: maybe | ED19: 100 | EF19: chronic | EK19: 121 | EL19: chronic | FA19: 34.3 | FB19: MODERATE | FC19: 91.306144 | FD19: LOW | FE19: 29.744043 | FF19: YES | FH19: 151.73997 | FI19: MODERATE | FK19: no | FL19: 29.3 | FM19: 99.976977 | FN19: YES | FP19: 100 | FQ19: EFSA OFT db-exp | FS19: exp | FU19: 1 | FV19: 10 | FW19: 10 | FX19: 1 | FY19: 3 | FZ19: =FU19*FV19*FW19*FX19*FY19 -> 300 | GA19: High (Class III) | GB19: High (Class III) | GC19: 1.5 | GD19: QSAR ToolBox v 4.4, | GE19: 1 | GF19: 0.0097666667 | GI19: 2.222 | GJ19: 4.167 | GK19: 6.667 | GL19: 16.667 | GM19: ∆log<1 | GN19: 0.01 | GO19: 0.01875 | GP19: 0.03 | GQ19: 0.075 | GU19: Toxicant | GV19: GOOD | GW19: Toxicant | GX19: LOW | GY19: Not known precedent reproductive and developmental toxic potential | HE19: Possible NON-active | HF19: GOOD | HG19: Inactive | HH19: MODERATE | HI19: NON-active | HJ19: GOOD | HK19: Non binder, non cyclic structure | HL19: Inactive | HM19: Inactive | HO19: Inactive | HP19: EXPERIMENTAL | HQ19: Inactive | HR19: EXPERIMENTAL | HU19: Inactive | HV19: GOOD | HW19: Not predicted | HX19: LOW | IA19: Inactive | IB19: [Model ]Unable to perform Applicability Domain check. | IC19: 2.222 | ID19: 4.167 | IE19: 6.667 | IF19: 16.667 | IH19: yes
A20: 556-67-2 | B20: N-00015 | C20: C[Si]1(O[Si](C)(O[Si](C)(O[Si](C)(O1)C)C)C)C | F20: O1[Si](O[Si](O[Si](O[Si]1(C)C)(C)C)(C)C)(C)C | I20: Cyclotetrasiloxane, octamethyl | J20: 2021-063 | K20: Y | M20: Negative | W20: Negative | X20: Negative | Z20: Negative | AD20: Negative, | AJ20: NON-Mutagenic | AK20: 0 | AL20: 0.3 | AM20: NON-Mutagenic | AN20: LOW | AO20: Possible NON-Mutagenic | AP20: LOW | AQ20: NON-Mutagenic | AR20: LOW | AS20: NON-Mutagenic | AT20: MODERATE | AU20: Negative | AW20: Negative | AX20: [No Alerts] | AY20: Negative | AZ20: 0.0916 | BB20: Negative | BC20: 0.0587 | BD20: Negative | BE20: 0.0263 | BF20: Negative | BH20: Experimental | BI20: Leadscope, ECHA REACH, | BR20: Negative, | BU20: Not predicted | BV20: LOW | BW20: Not predicted | BX20: -Not available | BY20: Not In Domain | BZ20: 0.617 | CA20: No alerts for the micronucleus assay (Class II) | CC20: Negative | CD20: Negative | CF20: Negative | CG20: 0.474 | CH20: Negative | CI20: 0.55 | CW20: Not In Domain | CX20: Not In Domain | CY20: Inactive | CZ20: Not In Domain | DA20: Not In Domain | DB20: Not In Domain | DL20: Not In Domain | DM20: Not In Domain | DN20: Not In Domain | DO20: Not In Domain | DP20: Not In Domain | DS20: 6361.315 | DT20: out of AD | DU20: 3057.581 | DV20: out of AD | DX20: no | DZ20: no | EK20: 373.75 | EL20: chronic | FA20: 0.0003 | FB20: LOW | FC20: 110.12857 | FD20: LOW | FE20: 0.010185914 | FF20: YES | FH20: 179.59738 | FI20: LOW | FK20: no | FL20: 0.01 | FM20: 0.14236394 | FN20: YES | FP20: 373.75 | FQ20: ECHA-exp | FS20: exp | FU20: 1 | FV20: 10 | FW20: 10 | FX20: 1 | FY20: 3 | FZ20: =FU20*FV20*FW20*FX20*FY20 -> 300 | GA20: High (Class III) | GB20: High (Class III) | GC20: 1.5 | GD20: ToxTree, Nestlé Lazar, QSAR ToolBox v 4.4 | GF20: 3.3333333e-06 | GI20: 2.47 | GN20: Not derived | GO20: Not derived | GP20: Not derived | GQ20: Not derived | GR20: not applied | GU20: Toxicant | GV20: LOW | GW20: Toxicant | GX20: MODERATE | GY20: Not known precedent reproductive and developmental toxic potential | GZ20: NON-active | HB20: NON-active | HE20: NON-active | HF20: EXPERIMENTAL | HG20: Inactive | HH20: LOW | HI20: NON-active | HJ20: EXPERIMENTAL | HK20: Non binder, non cyclic structure | HL20: Inactive | HM20: Inactive | HO20: Inactive | HP20: EXPERIMENTAL | HQ20: Inactive | HR20: EXPERIMENTAL | HU20: Inactive | HV20: LOW | HW20: Not predicted | HX20: LOW | IA20: Inactive | IB20: [Model ]Unable to perform Applicability Domain check. | IC20: 2.47 | IH20: yes
A21: 111-77-3 | B21: N-00016 | C21: COCCOCCO | F21: OCCOCCOC | I21: Diethyleneglycol methyl ether | W21: Negative | X21: Negative | Z21: Negative | AD21: Negative, | AF21: Negative, | AJ21: NON-Mutagenic | AK21: 0 | AL21: 0.825 | AM21: NON-Mutagenic | AN21: GOOD | AO21: NON-Mutagenic | AP21: GOOD | AQ21: NON-Mutagenic | AR21: GOOD | AS21: NON-Mutagenic | AT21: MODERATE | AU21: Negative | AW21: Negative | AX21: [No Alerts] | AY21: Negative | AZ21: 0.291 | BB21: Negative | BC21: 0.369 | BD21: Negative | BE21: 0.305 | BF21: Negative | BH21: Experimental | BI21: Leadscope, ECHA REACH, ICE | BU21: Not predicted | BV21: LOW | BW21: NON-genotoxic | BX21: GOOD-Both predictions in agreement | BY21: Positive | BZ21: 0.703 | CA21: At least one positive structural alerts for the micronucleus assay (Class I) | CF21: Not In Domain | CG21: 0.567 | CH21: Positive | CI21: 0.7 | CW21: Not In Domain | CX21: Not In Domain | CY21: Inactive | CZ21: Negative | DA21: Positive | DB21: Not In Domain | DL21: Not In Domain | DM21: Positive | DN21: Positive | DO21: Not In Domain | DP21: Positive | DS21: 95.651 | DU21: 164.726 | DW21: 399 | DX21: maybe | DY21: 261 | DZ21: maybe | EK21: 900 | EL21: subchronic | FA21: 87.81 | FB21: MODERATE | FC21: 124.27964 | FD21: LOW | FE21: 542.62525 | FF21: YES | FH21: 372.04888 | FI21: MODERATE | FJ21: 1450 | FK21: maybe | FL21: 309 | FM21: 1208.6485 | FN21: YES | FP21: 450 | FQ21: ECHA-exp | FS21: exp | FU21: 2 | FV21: 10 | FW21: 10 | FX21: 1 | FY21: 3 | FZ21: =FU21*FV21*FW21*FX21*FY21 -> 600 | GA21: Low (Class I) | GB21: Low (Class I) | GC21: 30 | GD21: ToxTree, Nestlé Lazar, QSAR ToolBox v 4.4 | GF21: 0.103 | GI21: 10 | GJ21: 18.75 | GK21: 30 | GL21: 75 | GM21: ∆log<1 | GN21: 0.2 | GO21: 0.375 | GP21: 0.6 | GQ21: 1.5 | GU21: Toxicant | GV21: GOOD | GW21: Toxicant | GX21: GOOD | GY21: Di-substituted hydrocarbons (24b);Known precedent reproductive and developmental toxic potential | GZ21: NON-active | HB21: NON-active | HE21: NON-active | HF21: EXPERIMENTAL | HG21: Inactive | HH21: GOOD | HI21: NON-active | HJ21: EXPERIMENTAL | HK21: Non binder, non cyclic structure | HL21: Inactive | HM21: Inactive | HO21: Inactive | HP21: EXPERIMENTAL | HQ21: Inactive | HR21: EXPERIMENTAL | HS21: Inactive | HU21: Inactive | HV21: EXPERIMENTAL | HW21: Not predicted | HX21: LOW | IA21: Inactive | IB21: [Model ]Unable to perform Applicability Domain check. | IC21: 10 | ID21: 18.75 | IE21: 30 | IF21: 75 | IH21: yes
A22: 13466-78-9 | B22: N-00017 | C22: CC1=CC[C@H]2[C@H](C2(C)C)C1 | F22: C1=C(C)CC2C(C1)C2(C)(C) | I22: 3-Carene | M22: Negative | W22: No Call Data Present | AJ22: NON-Mutagenic | AK22: 0 | AL22: 0.9 | AM22: NON-Mutagenic | AN22: GOOD | AO22: NON-Mutagenic | AP22: GOOD | AQ22: NON-Mutagenic | AR22: GOOD | AS22: NON-Mutagenic | AT22: GOOD | AU22: Negative | AW22: Negative | AX22: [No Alerts] | AY22: Negative | AZ22: 0.131 | BB22: Negative | BC22: 0.0414 | BD22: Negative | BE22: 0.109 | BF22: Negative | BG22: Reliable (consensus score > = 0.5) | BH22: Predicted | BI22: VEGA | BU22: Inactive | BV22: GOOD | BW22: NON-genotoxic | BX22: MODERATE-Both predictions in agreement | BY22: Negative | BZ22: 0.418 | CA22: No alerts for the micronucleus assay (Class II) | CF22: Negative | CG22: 0.118 | CH22: Negative | CI22: 0.404 | CW22: Negative | CX22: Negative | CY22: Inactive | CZ22: Not In Domain | DA22: Not In Domain | DB22: Not In Domain | DL22: Positive | DM22: Negative | DN22: Not In Domain | DO22: Negative | DP22: Not In Domain | DS22: 336.65 | DU22: 232.627 | DX22: no | DZ22: no | FA22: 17.75 | FB22: MODERATE | FC22: 119.72918 | FD22: MODERATE | FE22: 33.596961 | FF22: NO, reject prediction | FH22: 85.486985 | FI22: MODERATE | FK22: no | FL22: 31.5 | FM22: 201.27971 | FN22: NO, reject prediction | FP22: 3.15 | FQ22: Mazzatorta | FS22: PRED | FU22: 1 | FV22: 10 | FW22: 10 | FX22: 10 | FY22: 3 | FZ22: =FU22*FV22*FW22*FX22*FY22 -> 3000 | GA22: Low (Class I) | GB22: Low (Class I) | GC22: 30 | GD22: ToxTree, Nestlé Lazar, QSAR ToolBox v 4.4 | GF22: 0.0105 | GN22: 0.2 | GO22: 0.375 | GP22: 0.6 | GQ22: 1.5 | GU22: NON-Toxicant | GV22: LOW | GW22: NON-Toxicant | GX22: LOW | GY22: Not known precedent reproductive and developmental toxic potential | HE22: Not predicted | HF22: LOW | HG22: Inactive | HH22: GOOD | HI22: NON-active | HJ22: GOOD | HK22: Non binder, without OH or NH2 group | HL22: Inactive | HM22: Inactive | HO22: Inactive | HP22: EXPERIMENTAL | HQ22: Inactive | HR22: EXPERIMENTAL | HU22: Inactive | HV22: GOOD | HW22: Not predicted | HX22: LOW | IA22: Inactive | IB22: [Model ]Unable to perform Applicability Domain check. | IH22: no
A23: 22347-47-3 | B23: N-00018 | C23: O[C@H]1OCCOC1 | F23: OC1OCCOC1 | I23: 1,4-Dioxan-2-ol | AJ23: NON-Mutagenic | AK23: 0.05 | AL23: 0.6 | AM23: Mutagenic | AN23: LOW | AO23: NON-Mutagenic | AP23: GOOD | AQ23: NON-Mutagenic | AR23: GOOD | AS23: NON-Mutagenic | AT23: MODERATE | AU23: Negative | AW23: Negative | AX23: [No Alerts] | AY23: Negative | AZ23: 0.312 | BA23: muta probability >0.2 | BB23: Negative | BC23: 0.181 | BD23: Negative | BE23: 0.333 | BF23: Negative | BG23: moderate (consensus score > = 0.5 & 1 single positive low rel prediction ) | BH23: Predicted | BI23: VEGA | BU23: Not predicted | BV23: LOW | BW23: NON-genotoxic | BX23: GOOD-Both predictions in agreement | BY23: Positive | BZ23: 0.721 | CA23: At least one positive structural alerts for the micronucleus assay (Class I) | CF23: Not In Domain | CG23: 0.6 | CH23: Not In Domain | CI23: 0.714 | CW23: Negative | CX23: Not In Domain | CY23: Inactive | CZ23: Positive | DA23: Positive | DB23: Negative | DL23: Not In Domain | DM23: Positive | DN23: Not In Domain | DO23: Not In Domain | DP23: Negative | DS23: 162.222 | DU23: 182.509 | DW23: 131 | DX23: maybe | DY23: 191 | DZ23: maybe | FA23: 84.32 | FB23: LOW | FC23: 97.140425 | FD23: LOW | FE23: 510.03502 | FF23: YES | FH23: 66.78824 | FI23: LOW | FK23: no | FL23: 54.5 | FM23: 1057.3043 | FN23: YES | FP23: 5.45 | FQ23: Mazzatorta | FS23: PRED | FU23: 1 | FV23: 10 | FW23: 10 | FX23: 10 | FY23: 3 | FZ23: =FU23*FV23*FW23*FX23*FY23 -> 3000 | GA23: High (Class III) | GB23: High (Class III) | GC23: 1.5 | GD23: ToxTree, Nestlé Lazar, QSAR ToolBox v 4.4 | GF23: 0.018166667 | GI23: 0.121 | GJ23: 0.227 | GK23: 0.363 | GL23: 0.908 | GM23: ∆log<1 | GN23: 0.01 | GO23: 0.01875 | GP23: 0.03 | GQ23: 0.075 | GU23: Toxicant | GV23: GOOD | GW23: Toxicant | GX23: GOOD | GY23: Known precedent reproductive and developmental toxic potential;Piperazine-, dioxane-, morpholine-, tetrahydrothiopyran-like derivatives and cyclohexanamine (17c) | HE23: Possible NON-active | HF23: GOOD | HG23: Inactive | HH23: MODERATE | HI23: NON-active | HJ23: GOOD | HK23: Non binder, impaired OH or NH2 group | HO23: Inactive | HP23: GOOD | HQ23: Inactive | HR23: GOOD | HU23: Inactive | HV23: GOOD | HW23: Not predicted | HX23: LOW | IA23: Inactive | IB23: [Model ]Unable to perform Applicability Domain check. | IC23: 0.121 | ID23: 0.227 | IE23: 0.363 | IF23: 0.908 | IH23: yes
A24: 127-91-3 | B24: N-00019 | C24: CC1(C)[C@@H]2CCC([C@H]1C2)=C | F24: C=C1CCC2CC1C2(C)(C) | I24: beta-Pinene | M24: Negative | O24: NON-Mutagenic | Q24: NON-Mutagenic | U24: NON-Mutagenic | W24: Negative | X24: Negative | AJ24: NON-Mutagenic | AK24: 0 | AL24: 1 | AM24: NON-Mutagenic | AN24: EXPERIMENTAL | AO24: NON-Mutagenic | AQ24: NON-Mutagenic | AR24: GOOD | AS24: NON-Mutagenic | AU24: Negative | AW24: Negative | AX24: [No Alerts] | AY24: Negative | AZ24: 0.241 | BB24: Negative | BC24: 0.133 | BD24: Not In Domain | BE24: 0.104 | BF24: Negative | BH24: Experimental | BI24: VEGA, Leadscope, | BU24: Inactive | BV24: GOOD | BW24: NON-genotoxic | BX24: MODERATE-Both predictions in agreement | BY24: Negative | BZ24: 0.442 | CA24: No alerts for the micronucleus assay (Class II) | CF24: Not In Domain | CG24: 0.367 | CH24: Not In Domain | CI24: 0.394 | CW24: Negative | CX24: Not In Domain | CY24: Inactive | CZ24: Negative | DA24: Negative | DB24: Negative | DL24: Positive | DM24: Negative | DN24: Not In Domain | DO24: Negative | DP24: Not In Domain | DS24: 439.763 | DU24: 291.991 | DX24: no | DZ24: no | FA24: 17.75 | FB24: MODERATE | FC24: 72.22707 | FD24: MODERATE | FE24: 17.068682 | FF24: YES | FH24: 15.62428 | FI24: MODERATE | FK24: no | FL24: 31.5 | FM24: 104.47202 | FN24: YES | FP24: 3.15 | FQ24: Mazzatorta | FS24: PRED | FU24: 1 | FV24: 10 | FW24: 10 | FX24: 10 | FY24: 3 | FZ24: =FU24*FV24*FW24*FX24*FY24 -> 3000 | GA24: Low (Class I) | GB24: Low (Class I) | GC24: 30 | GD24: ToxTree, Nestlé Lazar, QSAR ToolBox v 4.4 | GF24: 0.0105 | IH24: no
A25: 558-42-9 | B25: N-00020 | C25: CC(CCl)(O)C | F25: OC(C)(C)CCl | I25: 1-Chloro-2-methyl-2-propanol | AJ25: Mutagenic | AK25: 0.9 | AL25: 0 | AM25: Suspect Mutagenic | AN25: GOOD | AO25: Mutagenic | AP25: GOOD | AQ25: Mutagenic | AR25: GOOD | AS25: Mutagenic | AT25: GOOD | AU25: Positive | AW25: Negative | AX25: [No Alerts] | AY25: Positive | AZ25: 0.768 | BB25: Positive | BC25: 0.744 | BD25: Indeterminate | BE25: 0.48 | BF25: Positive | BG25: Reliable (consensus score > = 0.5) | BH25: Predicted | BI25: Leadscope | BU25: Inactive | BV25: LOW | BW25: NON-genotoxic | BX25: GOOD-Both predictions in agreement | BY25: Negative | BZ25: 0.451 | CA25: At least one positive structural alerts for the micronucleus assay (Class I) | CF25: Positive | CG25: 0.674 | CH25: Positive | CI25: 0.546 | CW25: Positive | CX25: Negative | CY25: Inactive | CZ25: Negative | DA25: Not In Domain | DB25: Negative | DL25: Positive | DM25: Positive | DN25: Positive | DO25: Negative | DP25: Negative | DS25: 206.929 | DU25: 136.226 | DX25: no | DZ25: no | FA25: 95.42 | FB25: LOW | FC25: 44.915889 | FD25: LOW | FE25: 8.6456968 | FF25: YES | FH25: 121.70264 | FI25: LOW | FK25: no | FL25: 33.4 | FM25: 16.251745 | FN25: YES | GC25: 0.0025 | GI25: Not derived | GJ25: Not derived | GK25: Not derived | GL25: Not derived | GN25: Not derived | GO25: Not derived | GP25: Not derived | GQ25: Not derived | GU25: NON-Toxicant | GV25: LOW | GW25: Toxicant | GX25: MODERATE | GY25: Not known precedent reproductive and developmental toxic potential | HE25: NON-active | HF25: GOOD | HG25: Inactive | HH25: GOOD | HI25: NON-active | HJ25: GOOD | HK25: Non binder, non cyclic structure | HO25: Inactive | HP25: GOOD | HQ25: Inactive | HR25: GOOD | HU25: Inactive | HV25: GOOD | HW25: Not predicted | HX25: LOW | IA25: Inactive | IB25: [Model ]Unable to perform Applicability Domain check. | IC25: Not derived | ID25: Not derived | IE25: Not derived | IF25: Not derived | IH25: no
A26: 104-76-7 | B26: N-00021 | C26: CCCCC(CO)CC | F26: OCC(CC)CCCC | I26: 2-Ethyl-1-hexanol | M26: Negative | O26: NON-Mutagenic | Q26: NON-Mutagenic | W26: Negative | X26: Negative | AB26: Negative | AD26: Negative, | AF26: Negative, | AJ26: NON-Mutagenic | AK26: 0 | AL26: 1 | AM26: NON-Mutagenic | AN26: EXPERIMENTAL | AO26: NON-Mutagenic | AQ26: NON-Mutagenic | AR26: MODERATE | AS26: NON-Mutagenic | AT26: GOOD | AU26: Negative | AW26: Negative | AX26: [No Alerts] | AY26: Negative | AZ26: 0.17 | BB26: Negative | BC26: 0.104 | BD26: Negative | BE26: 0.0817 | BF26: Negative | BH26: Experimental | BI26: VEGA, Leadscope, ECHA REACH, ICE | BO26: Negative | BR26: Negative, | BU26: Inactive | BV26: GOOD | BW26: NON-genotoxic | BX26: MODERATE-Both predictions in agreement | BY26: Negative | BZ26: 0.358 | CA26: No alerts for the micronucleus assay (Class II) | CF26: Negative | CG26: 0.0547 | CH26: Negative | CI26: 0.0476 | CK26: Negative | CW26: Negative | CX26: Negative | CY26: Inactive | CZ26: Negative | DA26: Negative | DB26: Negative | DL26: Positive | DM26: Negative | DN26: Positive | DO26: Negative | DP26: Negative | DQ26: I | DR26: 1680 | DS26: 266.379 | DU26: 211.838 | DW26: 6.96 | DX26: maybe | DY26: 594 | DZ26: maybe | ED26: 50 | EF26: chronic | EG26: 50 | EH26: chronic | EK26: 200 | EL26: chronic | EW26: 250 | EX26: subchronic | FA26: 102.03 | FB26: LOW | FC26: 140.83156 | FD26: MODERATE | FE26: 71.862116 | FF26: YES | FH26: 126.24088 | FI26: MODERATE | FJ26: 50.5 | FK26: maybe | FL26: 275 | FM26: 245.98011 | FN26: YES | FP26: 12.5 | FQ26: Munro ToolBox-exp | FS26: exp | FU26: 2 | FV26: 10 | FW26: 10 | FX26: 10 | FY26: 3 | FZ26: =FU26*FV26*FW26*FX26*FY26 -> 6000 | GA26: Low (Class I) | GB26: Low (Class I) | GC26: 30 | GD26: ToxTree, Nestlé Lazar, QSAR ToolBox v 4.4 | GE26: 0.5 | GF26: 0.016833333 | IH26: no
A27: 110-13-4 | B27: N-00022 | C27: CC(CCC(C)=O)=O | F27: O=C(C)CCC(=O)C | I27: 2,5-Hexanedione | O27: NON-Mutagenic | Q27: NON-Mutagenic | U27: NON-Mutagenic | W27: Negative | X27: Negative | AJ27: NON-Mutagenic | AK27: 0 | AL27: 1 | AM27: NON-Mutagenic | AN27: EXPERIMENTAL | AO27: Possible NON-Mutagenic | AQ27: NON-Mutagenic | AR27: MODERATE | AS27: NON-Mutagenic | AU27: Negative | AW27: Negative | AX27: [No Alerts] | AY27: Negative | AZ27: 0.176 | BB27: Negative | BC27: 0.098 | BD27: Negative | BE27: 0.205 | BF27: Negative | BH27: Experimental | BI27: VEGA, Leadscope, | BU27: Inactive | BV27: MODERATE | BW27: NON-genotoxic | BX27: MODERATE-Both predictions in agreement | BY27: Negative | BZ27: 0.361 | CA27: At least one positive structural alerts for the micronucleus assay (Class I) | CF27: Negative | CG27: 0.37 | CH27: Positive | CI27: 0.652 | CW27: Negative | CX27: Negative | CY27: Inactive | CZ27: Positive | DA27: Not In Domain | DB27: Negative | DL27: Positive | DM27: Negative | DN27: Not In Domain | DO27: Negative | DP27: Positive | DS27: 26.518 | DU27: 418.719 | DW27: 0.0838 | DX27: maybe | DZ27: no | FA27: 114.88 | FB27: GOOD | FC27: 125.1123 | FD27: MODERATE | FE27: 88.674756 | FF27: YES | FH27: 161.13875 | FI27: MODERATE | FK27: no | FL27: 178 | FM27: 196.74332 | FN27: YES | FP27: 9.8371661 | FQ27: CORAL LOAEL | FS27: PRED | FU27: 2 | FV27: 10 | FW27: 10 | FX27: 10 | FY27: 3 | FZ27: =FU27*FV27*FW27*FX27*FY27 -> 6000 | GA27: High (Class III) | GB27: High (Class III) | GC27: 1.5 | GD27: ToxTree, Nestlé Lazar, QSAR ToolBox v 4.4 | GF27: 0.059333333 | GI27: 0.219 | GJ27: 0.41 | GK27: 0.656 | GL27: 1.64 | GM27: ∆log<1 | GN27: 0.01 | GO27: 0.01875 | GP27: 0.03 | GQ27: 0.075 | GT27: Reproductive toxicant (no data on developmental toxicity) | GU27: NON-Toxicant | GV27: LOW | GW27: Reproductive toxicant no data on developmental toxicity) | GY27: Known precedent reproductive and developmental toxic potential;Miscellaneous non-cyclic chemicals (20) | HE27: Possible NON-active | HF27: GOOD | HG27: Inactive | HH27: GOOD | HI27: NON-active | HJ27: GOOD | HK27: Non binder, non cyclic structure | HL27: Inactive | HM27: Inactive | HO27: Inactive | HP27: EXPERIMENTAL | HQ27: Inactive | HR27: EXPERIMENTAL | HU27: Inactive | HV27: GOOD | HW27: Not predicted | HX27: LOW | IA27: Inactive | IB27: [Model ]Unable to perform Applicability Domain check. | IC27: 0.219 | ID27: 0.41 | IE27: 0.656 | IF27: 1.64 | IH27: yes
A28: 629-96-9 | B28: N-00023 | C28: [H]O[C@]([H])([H])[C@]([H])([H])[C@]([H])([H])[C@]([H])([H])[C@]([H])([H])[C@]([H])([H])[C@]([H])([H])[C@]([H])([H])[C@]([H])([H])[C@]([H])([H])[C@@]([H])([H])[C@@]([H])([H])[C@@]([H])([H])[C@@]([H])([H])[C@@]([H])([H])[C@@]([H])([H])[C@@]([H])([H])[C@@]([H])([H])[C@@]([H])([H])[C@@]([H])([H])[H] | F28: OCCCCCCCCCCCCCCCCCCCC | I28: 1-Eicosanol | W28: No Call Data Present | AJ28: NON-Mutagenic | AK28: 0 | AL28: 0.675 | AM28: NON-Mutagenic | AN28: MODERATE | AO28: NON-Mutagenic | AP28: MODERATE | AQ28: NON-Mutagenic | AR28: MODERATE | AS28: NON-Mutagenic | AT28: GOOD | AU28: Negative | AW28: Negative | AX28: [No Alerts] | AY28: Negative | AZ28: 0.0545 | BB28: Negative | BC28: 0.0341 | BD28: Negative | BE28: 0.0421 | BF28: Negative | BG28: Reliable (consensus score > = 0.5) | BH28: Predicted | BI28: VEGA | BU28: Inactive | BV28: GOOD | BW28: NON-genotoxic | BX28: MODERATE-Both predictions in agreement | BY28: Negative | BZ28: 0.224 | CA28: No alerts for the micronucleus assay (Class II) | CF28: Negative | CG28: 0.0901 | CH28: Negative | CI28: 0.0395 | CW28: Negative | CX28: Negative | CY28: Inactive | CZ28: Negative | DA28: Negative | DB28: Negative | DL28: Negative | DM28: Negative | DN28: Positive | DO28: Negative | DP28: Positive | DS28: 848.086 | DT28: out of AD | DU28: 282.296 | DW28: 23.8 | DX28: maybe | DY28: 1410 | DZ28: maybe | FA28: 208.98 | FB28: MODERATE | FC28: 876.19345 | FD28: MODERATE | FE28: 47.874031 | FF28: YES | FH28: 480.95008 | FI28: MODERATE | FJ28: 186 | FK28: maybe | FL28: 482 | FM28: 373.50808 | FN28: YES | FP28: 18.6 | FQ28: Lazar | FS28: PRED | FU28: 1 | FV28: 10 | FW28: 10 | FX28: 10 | FY28: 3 | FZ28: =FU28*FV28*FW28*FX28*FY28 -> 3000 | GA28: Low (Class I) | GB28: Low (Class I) | GC28: 30 | GD28: ToxTree, Nestlé Lazar, QSAR ToolBox v 4.4 | GF28: 0.062 | GM28: This substance is authorised to be used as it is covered by the SML for FCM substance 3 and 13 as mixture of alcohols. | GR28: This substance is authorised to be used as it is covered by the SML for FCM substance 3 and 13 as mixture of alcohols. | GU28: Toxicant | GV28: MODERATE | GW28: NON-Toxicant | GX28: LOW | GY28: Not known precedent reproductive and developmental toxic potential | HE28: Not predicted | HF28: LOW | HG28: Active | HH28: GOOD | HI28: NON-active | HJ28: GOOD | HK28: Non binder, non cyclic structure | HO28: Inactive | HP28: GOOD | HQ28: Inactive | HR28: GOOD | HU28: Inactive | HV28: GOOD | HW28: Not predicted | HX28: LOW | IA28: Inactive | IB28: [Model ]Unable to perform Applicability Domain check. | IG28: --> add sentence in remark fields | IH28: no
A29: 108-67-8 | B29: N-00024 | C29: CC1=CC(C)=CC(C)=C1 | F29: c1c(cc(cc1C)C)C | I29: 1,3,5-trimethyl benzene | O29: NON-Mutagenic | Q29: NON-Mutagenic | U29: NON-Mutagenic | W29: Negative | X29: Negative | Z29: Negative | AD29: Negative, | AJ29: NON-Mutagenic | AK29: 0 | AL29: 1 | AM29: NON-Mutagenic | AN29: EXPERIMENTAL | AO29: Possible NON-Mutagenic | AQ29: NON-Mutagenic | AR29: GOOD | AS29: NON-Mutagenic | AU29: Negative | AW29: Negative | AX29: [No Alerts] | AY29: Negative | AZ29: 0.313 | BB29: Negative | BC29: 0.223 | BD29: Negative | BE29: 0.179 | BF29: Negative | BH29: Experimental | BI29: VEGA, Leadscope, ECHA REACH, | BR29: Negative, | BU29: Not predicted | BV29: LOW | BW29: Not predicted | BX29: -Predictions NOT in agreement | BY29: Positive | BZ29: 0.502 | CA29: No alerts for the micronucleus assay (Class II) | CF29: Negative | CG29: 0.278 | CH29: Not In Domain | CI29: 0.247 | CL29: Negative | CM29: Inactive | CW29: Negative | CX29: Negative | CY29: Inactive | CZ29: Negative | DA29: Not In Domain | DB29: Negative | DL29: Positive | DM29: Negative | DN29: Positive | DO29: Not In Domain | DP29: Not In Domain | DS29: 166.113 | DU29: 153.155 | DW29: 3800 | DX29: yes | DY29: 72.8 | DZ29: maybe | EK29: 600 | EL29: subchronic | FA29: 12.06 | FB29: GOOD | FC29: 46.131757 | FD29: MODERATE | FE29: 28.483936 | FF29: YES | FH29: 128.29213 | FI29: GOOD | FJ29: 18.3 | FK29: maybe | FL29: 49.7 | FM29: 141.54678 | FN29: YES | FP29: 300 | FQ29: ECHA-exp | FS29: exp | FU29: 2 | FV29: 10 | FW29: 10 | FX29: 1 | FY29: 3 | FZ29: =FU29*FV29*FW29*FX29*FY29 -> 600 | GA29: Low (Class I) | GB29: High (Class III) | GC29: 1.5 | GD29: Nestlé Lazar, QSAR ToolBox v 4.4, | GF29: 0.0061 | GI29: 6.667 | GJ29: 12.5 | GK29: 20 | GL29: 50 | GM29: ∆log<1 | GN29: 0.01 | GO29: 0.01875 | GP29: 0.03 | GQ29: 0.075 | GU29: NON-Toxicant | GV29: MODERATE | GW29: Toxicant | GX29: GOOD | GY29: Not known precedent reproductive and developmental toxic potential | GZ29: NON-active | HB29: NON-active | HE29: NON-active | HF29: EXPERIMENTAL | HG29: Inactive | HH29: GOOD | HI29: NON-active | HJ29: EXPERIMENTAL | HK29: Non binder, without OH or NH2 group | HL29: Inactive | HM29: Inactive | HO29: Inactive | HP29: EXPERIMENTAL | HQ29: Inactive | HR29: EXPERIMENTAL | HS29: Inactive | HU29: Inactive | HV29: EXPERIMENTAL | HW29: Not predicted | HX29: LOW | IA29: Inactive | IB29: [Model ]Unable to perform Applicability Domain check. | IC29: 6.667 | ID29: 12.5 | IE29: 20 | IF29: 50 | IH29: yes
A30: 301-02-0 | B30: N-00025 | C30: CCCCCCCC/C=C/CCCCCCCC(N)=O | F30: O=C(N)CCCCCCCC=CCCCCCCCC | I30: Oleamide | AJ30: NON-Mutagenic | AK30: 0 | AL30: 0.75 | AM30: NON-Mutagenic | AN30: GOOD | AO30: NON-Mutagenic | AP30: GOOD | AQ30: NON-Mutagenic | AR30: MODERATE | AS30: NON-Mutagenic | AT30: MODERATE | AU30: Negative | AW30: Negative | AX30: [No Alerts] | AY30: Negative | AZ30: 0.0603 | BB30: Negative | BC30: 0.0337 | BD30: Negative | BE30: 0.0178 | BF30: Negative | BG30: Reliable (consensus score > = 0.5) | BH30: Predicted | BI30: VEGA | BU30: Inactive | BV30: GOOD | BW30: NON-genotoxic | BX30: GOOD-Both predictions in agreement | BY30: Negative | BZ30: 0.25 | CA30: No alerts for the micronucleus assay (Class II) | CF30: Negative | CG30: 0.0679 | CH30: Negative | CI30: 0.0931 | CW30: Negative | CX30: Positive | CY30: Inactive | CZ30: Negative | DA30: Negative | DB30: Not In Domain | DL30: Negative | DM30: Negative | DN30: Not In Domain | DO30: Positive | DP30: Positive | DS30: 145.649 | DU30: 382.805 | DW30: 875 | DX30: maybe | DY30: 965 | DZ30: maybe | FA30: 169.27 | FB30: LOW | FC30: 614.32756 | FD30: LOW | FE30: 6.674212 | FF30: YES | FH30: 237.84827 | FI30: LOW | FJ30: 244 | FK30: maybe | FL30: 270 | FM30: 21.120296 | FN30: YES | FP30: 1.0560148 | FQ30: CORAL LOAEL | FS30: PRED | FU30: 2 | FV30: 10 | FW30: 10 | FX30: 10 | FY30: 3 | FZ30: =FU30*FV30*FW30*FX30*FY30 -> 6000 | GA30: High (Class III) | GB30: High (Class III) | GC30: 1.5 | GD30: ToxTree, Nestlé Lazar, QSAR ToolBox v 4.4 | GF30: 0.011123687 | IH30: no
A31: 112-84-5 | B31: N-00026 | C31: CCCCCCCC/C=C\CCCCCCCCCCCC(N)=O | F31: O=C(N)CCCCCCCCCCCC=CCCCCCCCC | I31: Erucamide | AD31: Negative, | AJ31: NON-Mutagenic | AK31: 0 | AL31: 0.75 | AM31: NON-Mutagenic | AN31: GOOD | AO31: NON-Mutagenic | AP31: GOOD | AQ31: NON-Mutagenic | AR31: MODERATE | AS31: NON-Mutagenic | AT31: MODERATE | AU31: Negative | AW31: Negative | AX31: [No Alerts] | AY31: Negative | AZ31: 0.0588 | BB31: Negative | BC31: 0.0335 | BD31: Negative | BE31: 0.0158 | BF31: Negative | BH31: Experimental | BI31: ECHA REACH, | BU31: Inactive | BV31: GOOD | BW31: NON-genotoxic | BX31: MODERATE-Both predictions in agreement | BY31: Negative | BZ31: 0.228 | CA31: No alerts for the micronucleus assay (Class II) | CF31: Negative | CG31: 0.0518 | CH31: Negative | CI31: 0.0724 | CW31: Negative | CX31: Positive | CY31: Inactive | CZ31: Negative | DA31: Negative | DB31: Not In Domain | DL31: Negative | DM31: Negative | DN31: Not In Domain | DO31: Positive | DP31: Positive | DS31: 279.336 | DT31: out of AD | DU31: 420.336 | DW31: 1010 | DX31: maybe | DY31: 1080 | DZ31: maybe | EK31: 1000 | EL31: subchronic | FA31: 208.34 | FB31: LOW | FC31: 1133.4438 | FD31: LOW | FE31: 5.2167497 | FF31: YES | FH31: 408.97805 | FI31: LOW | FJ31: 291 | FK31: maybe | FL31: 297 | FM31: 20.502178 | FN31: YES | FP31: 500 | FQ31: ECHA-exp | FS31: exp | FU31: 2 | FV31: 10 | FW31: 10 | FX31: 1 | FY31: 3 | FZ31: =FU31*FV31*FW31*FX31*FY31 -> 600 | GA31: High (Class III) | GB31: High (Class III) | GC31: 1.5 | GD31: ToxTree, Nestlé Lazar, QSAR ToolBox v 4.4 | GF31: 0.0086945828 | IH31: no
A32: 31570-04-4 | B32: N-00027 | C32: CC(C)(C1=CC=C(C(C(C)(C)C)=C1)OP(OC2=CC=C(C(C)(C)C)C=C2C(C)(C)C)OC3=CC=C(C(C)(C)C)C=C3C(C)(C)C)C | F32: CC(C)(C)c3ccc(OP(Oc1ccc(cc1C(C)(C)C)C(C)(C)C)Oc2ccc(cc2C(C)(C)C)C(C)(C)C)c(c3)C(C)(C)C | I32: Phosphorous acid, tris(2,4-di-tert-butylphenyl) ester | W32: No Call Data Present | AD32: Negative, | AJ32: NON-Mutagenic | AK32: 0 | AL32: 0.4 | AM32: NON-Mutagenic | AN32: LOW | AO32: NON-Mutagenic | AP32: MODERATE | AQ32: NON-Mutagenic | AR32: LOW | AS32: NON-Mutagenic | AT32: MODERATE | AU32: Negative | AW32: Negative | AX32: [No Alerts] | AY32: Negative | AZ32: 0.0654 | BB32: Negative | BC32: 0.0386 | BD32: Negative | BE32: 0.0384 | BF32: Negative | BH32: Experimental | BI32: ECHA REACH, | BR32: Negative, | BU32: Active | BV32: LOW | BW32: NON-genotoxic | BX32: LOW-Based only on ONE available prediction | BY32: Not In Domain | BZ32: 0.246 | CA32: No alerts for the micronucleus assay (Class II) | CF32: Negative | CG32: 0.0643 | CH32: Negative | CI32: 0.0176 | CW32: Negative | CX32: Negative | CY32: Inactive | CZ32: Negative | DA32: Not In Domain | DB32: Not In Domain | DL32: Negative | DM32: Negative | DN32: Not In Domain | DO32: Not In Domain | DP32: Not In Domain | DS32: 1760.67 | DT32: out of AD | DU32: 493.754 | DV32: out of AD | DW32: 566 | DX32: maybe | DY32: 2590 | DZ32: maybe | ED32: 58 | EF32: chronic | EK32: 58 | EL32: chronic | FA32: 2.34 | FB32: LOW | FC32: 43.291237 | FD32: LOW | FE32: 0.00028346536 | FF32: NO, reject prediction | FH32: 1.5859884 | FI32: LOW | FJ32: 15.6 | FK32: maybe | FL32: 14.8 | FM32: 0.00099838949 | FN32: NO, reject prediction | FP32: 58 | FQ32: EFSA OFT db-exp | FS32: exp | FU32: 1 | FV32: 10 | FW32: 10 | FX32: 1 | FY32: 3 | FZ32: =FU32*FV32*FW32*FX32*FY32 -> 300 | GA32: High (Class III) | GB32: High (Class III) | GC32: 1.5 | GD32: ToxTree, Nestlé Lazar, QSAR ToolBox v 4.4 | GF32: 0.0049333333 | IH32: no
A33: 73170-89-5 | B33: N-00028 | C33: CCCCCCCC/C=C\CCCCCCCCCCCC#N | F33: N#CCCCCCCCCCCCC=CCCCCCCCC | I33: 13Z-Docosenenitrile | J33: 2017-042 | K33: Y | L33: predicted values updated with new workflow | AJ33: NON-Mutagenic | AK33: 0 | AL33: 0.6 | AM33: NON-Mutagenic | AN33: MODERATE | AO33: NON-Mutagenic | AP33: MODERATE | AQ33: NON-Mutagenic | AR33: MODERATE | AS33: NON-Mutagenic | AT33: MODERATE | AU33: Negative | AW33: Negative | AX33: [No Alerts] | AY33: Negative | AZ33: 0.0493 | BB33: Negative | BC33: 0.0312 | BD33: Negative | BE33: 0.0534 | BF33: Negative | BG33: Reliable (consensus score > = 0.5) | BH33: Predicted | BI33: VEGA | BU33: Inactive | BV33: GOOD | BW33: NON-genotoxic | BX33: MODERATE-Both predictions in agreement | BY33: Negative | BZ33: 0.222 | CA33: No alerts for the micronucleus assay (Class II) | CF33: Negative | CG33: 0.0754 | CH33: Negative | CI33: 0.032 | CW33: Negative | CX33: Negative | CY33: Inactive | CZ33: Negative | DA33: Not In Domain | DB33: Not In Domain | DL33: Negative | DM33: Negative | DN33: Positive | DO33: Negative | DP33: Positive | DS33: 470.684 | DT33: out of AD | DU33: 367.143 | DW33: 207 | DX33: maybe | DY33: 1630 | DZ33: maybe | FA33: 6.34 | FB33: LOW | FC33: 960.72701 | FD33: MODERATE | FE33: 1.4282361 | FF33: YES | FH33: 184.96945 | FI33: LOW | FJ33: 307 | FK33: maybe | FL33: 100 | FM33: 9.7543874 | FN33: YES | FP33: 3.17 | FQ33: VEGA | FS33: PRED | FU33: 2 | FV33: 10 | FW33: 10 | FX33: 1 | FY33: 3 | FZ33: =FU33*FV33*FW33*FX33*FY33 -> 600 | GA33: High (Class III) | GB33: High (Class III) | GC33: 1.5 | GD33: ToxTree, Nestlé Lazar, QSAR ToolBox v 4.4 | GF33: 0.030828241 | GI33: 0.07 | GJ33: 0.132 | GK33: 0.211 | GL33: 0.528 | GM33: This molecule is also known as analytical artefact formed in the GC injector from Erucamide. | GN33: 0.01 | GO33: 0.01875 | GP33: 0.03 | GQ33: 0.075 | GR33: This molecule is also known as analytical artefact formed in the GC injector from Erucamide. | GU33: Toxicant | GV33: LOW | GW33: NON-Toxicant | GX33: LOW | GY33: Not known precedent reproductive and developmental toxic potential | HE33: NON-active | HF33: MODERATE | HG33: Active | HH33: LOW | HI33: NON-active | HJ33: MODERATE | HK33: Non binder, non cyclic structure | HO33: Inactive | HP33: GOOD | HQ33: Inactive | HR33: GOOD | HU33: Inactive | HV33: GOOD | HW33: Active (inconclusive) | HX33: GOOD | IA33: Inactive | IB33: [Model ]Unable to perform Applicability Domain check. | IC33: 0.07 | ID33: 0.132 | IE33: 0.211 | IF33: 0.528 | IG33: --> add sentence in remark fields | IH33: yes
A34: 95906-11-9 | B34: N-00029 | C34: CC(C)(C1=CC(C(C)(C)C)=C(OP(OC2=C(C(C)(C)C)C=C(C(C)(C)C)C=C2)(OC3=C(C(C)(C)C)C=C(C(C)(C)C)C=C3)=O)C=C1)C | F34: CC(C)(C)c3ccc(OP(=O)(Oc1ccc(cc1C(C)(C)C)C(C)(C)C)Oc2ccc(cc2C(C)(C)C)C(C)(C)C)c(c3)C(C)(C)C | I34: Phosphoric acid, tris(2,4-di-tert-butylphenyl) ester | J34: 2021-149;2021-089_x000D_; 2022-063 | K34: Y | AJ34: NON-Mutagenic | AK34: 0 | AL34: 0.575 | AM34: NON-Mutagenic | AN34: LOW | AO34: NON-Mutagenic | AP34: MODERATE | AQ34: NON-Mutagenic | AR34: MODERATE | AS34: NON-Mutagenic | AT34: GOOD | AU34: Negative | AW34: Negative | AX34: [No Alerts] | AY34: Negative | AZ34: 0.0562 | BB34: Negative | BC34: 0.0339 | BD34: Negative | BE34: 0.04 | BF34: Negative | BG34: Reliable (consensus score > = 0.5) | BH34: Predicted | BI34: VEGA | BU34: Active | BV34: LOW | BW34: Genotoxic | BX34: LOW-Based only on ONE available prediction | BY34: Negative | BZ34: 0.348 | CA34: No alerts for the micronucleus assay (Class II) | CF34: Negative | CG34: 0.0617 | CH34: Negative | CI34: 0.0179 | CW34: Negative | CX34: Negative | CY34: Inactive | CZ34: Negative | DA34: Not In Domain | DB34: Not In Domain | DL34: Negative | DM34: Negative | DN34: Not In Domain | DO34: Positive | DP34: Positive | DS34: 3046.116 | DT34: out of AD | DU34: 783.422 | DV34: out of AD | DW34: 574 | DX34: maybe | DY34: 2900 | DZ34: maybe | FA34: 2.12 | FB34: LOW | FC34: 84.918048 | FD34: LOW | FE34: 0.012047585 | FF34: YES | FH34: 0.6344538 | FI34: LOW | FJ34: 65.6 | FK34: maybe | FL34: 0.745 | FM34: 0.040169831 | FN34: YES | FP34: 0.0020084915 | FQ34: CORAL LOAEL | FS34: PRED | FU34: 2 | FV34: 10 | FW34: 10 | FX34: 10 | FY34: 1 | FZ34: =FU34*FV34*FW34*FX34*FY34 -> 2000 | GA34: High (Class III) | GB34: High (Class III) | GC34: 1.5 | GD34: ToxTree, Nestlé Lazar, QSAR ToolBox v 4.4 | GF34: 2.0079308e-05 | IH34: no
A35: 2082-79-3 | B35: N-00030 | C35: CCCCCCCCCCCCCCCCCCOC(CCC1=CC(C(C)(C)C)=C(C(C(C)(C)C)=C1)O)=O | F35: O=C(OCCCCCCCCCCCCCCCCCC)CCc1cc(c(O)c(c1)C(C)(C)C)C(C)(C)C | I35: Benzenepropanoic acid, 3,5-di-tert-butyl ?4-?hydroxy?, octadecyl ester | U35: NON-Mutagenic | W35: Negative | X35: Negative | AD35: Negative, | AJ35: NON-Mutagenic | AK35: 0 | AL35: 1 | AM35: NON-Mutagenic | AN35: MODERATE | AO35: NON-Mutagenic | AP35: MODERATE | AQ35: NON-Mutagenic | AR35: MODERATE | AS35: NON-Mutagenic | AU35: Negative | AW35: Negative | AX35: [No Alerts] | AY35: Negative | AZ35: 0.00753 | BB35: Negative | BC35: 0.00428 | BD35: Negative | BE35: 0.00577 | BF35: Negative | BH35: Experimental | BI35: VEGA, Leadscope, ECHA REACH, | BR35: Negative, | BU35: Inactive | BV35: GOOD | BW35: NON-genotoxic | BX35: MODERATE-Both predictions in agreement | BY35: Negative | BZ35: 0.127 | CA35: No alerts for the micronucleus assay (Class II) | CF35: Negative | CG35: 0.00254 | CH35: Negative | CI35: 0.00197 | CW35: Negative | CX35: Negative | CY35: Inactive | CZ35: Not In Domain | DA35: Not In Domain | DB35: Not In Domain | DL35: Negative | DM35: Negative | DN35: Not In Domain | DO35: Negative | DP35: Negative | DS35: 555.37 | DT35: out of AD | DU35: 525.55 | DV35: out of AD | DX35: no | DY35: 2830 | DZ35: maybe | EK35: 64 | EL35: chronic | FA35: 91.08 | FB35: MODERATE | FC35: 701.94001 | FD35: MODERATE | FE35: 15.552492 | FF35: YES | FH35: 278.61212 | FI35: MODERATE | FJ35: 1620 | FK35: maybe | FL35: 150 | FM35: 208.1613 | FN35: YES | FP35: 64 | FQ35: ECHA-exp | FS35: exp | FU35: 1 | FV35: 10 | FW35: 10 | FX35: 1 | FY35: 3 | FZ35: =FU35*FV35*FW35*FX35*FY35 -> 300 | GA35: High (Class III);Intermediate (Class II) | GB35: High (Class III);Intermediate (Class II) | GC35: 1.5 | GD35: QSAR ToolBox v 4.4, | GF35: 0.046435353 | IH35: no
A36: 112-91-4 | B36: N-00031 | C36: CCCCCCCC/C=C\CCCCCCCC#N | F36: N#CCCCCCCCC=CCCCCCCCC | I36: 9Z-Octadecenenitrile | AJ36: NON-Mutagenic | AK36: 0 | AL36: 0.75 | AM36: NON-Mutagenic | AN36: GOOD | AO36: NON-Mutagenic | AP36: GOOD | AQ36: NON-Mutagenic | AR36: MODERATE | AS36: NON-Mutagenic | AT36: MODERATE | AU36: Negative | AW36: Negative | AX36: [No Alerts] | AY36: Negative | AZ36: 0.0506 | BB36: Negative | BC36: 0.0313 | BD36: Negative | BE36: 0.0599 | BF36: Negative | BG36: Reliable (consensus score > = 0.5) | BH36: Predicted | BI36: VEGA | BU36: Inactive | BV36: GOOD | BW36: NON-genotoxic | BX36: MODERATE-Based only on ONE available prediction | BY36: Negative | BZ36: 0.242 | CA36: No alerts for the micronucleus assay (Class II) | CF36: Negative | CG36: 0.0981 | CH36: Negative | CI36: 0.0417 | CW36: Negative | CX36: Negative | CY36: Inactive | CZ36: Negative | DA36: Not In Domain | DB36: Not In Domain | DL36: Negative | DM36: Negative | DN36: Positive | DO36: Negative | DP36: Positive | DS36: 257.121 | DU36: 330.557 | DW36: 171 | DX36: maybe | DY36: 1350 | DZ36: maybe | FA36: 5.15 | FB36: LOW | FC36: 520.71489 | FD36: MODERATE | FE36: 1.8272585 | FF36: YES | FH36: 107.59696 | FI36: LOW | FJ36: 253 | FK36: maybe | FL36: 93.3 | FM36: 10.046158 | FN36: YES | FP36: 0.5023079 | FQ36: CORAL LOAEL | FS36: PRED | FU36: 2 | FV36: 10 | FW36: 10 | FX36: 10 | FY36: 3 | FZ36: =FU36*FV36*FW36*FX36*FY36 -> 6000 | GA36: High (Class III) | GB36: High (Class III) | GC36: 1.5 | GD36: ToxTree, Nestlé Lazar, QSAR ToolBox v 4.4 | GF36: 0.0030454309 | GI36: Not derived | GJ36: Not derived | GK36: Not derived | GL36: Not derived | GM36: Nitriles may be analytical artefacts from amide slip agents formed in the GC injector. | GN36: 0.01 | GO36: 0.01875 | GP36: 0.03 | GQ36: 0.075 | GR36: Nitriles may be analytical artefacts from amide slip agents formed in the GC injector. | GU36: NON-Toxicant | GV36: LOW | GW36: NON-Toxicant | GX36: LOW | GY36: Not known precedent reproductive and developmental toxic potential | HE36: NON-active | HF36: MODERATE | HG36: Active | HH36: LOW | HI36: NON-active | HJ36: MODERATE | HK36: Non binder, non cyclic structure | HO36: Inactive | HP36: GOOD | HQ36: Inactive | HR36: GOOD | HU36: Inactive | HV36: GOOD | HW36: Active (inconclusive) | HX36: GOOD | IA36: Inactive | IB36: [Model ]Unable to perform Applicability Domain check. | IC36: Not derived | ID36: Not derived | IE36: Not derived | IF36: Not derived | IG36: --> add sentence in remark fields | IH36: no
A37: 6386-38-5 | B37: N-00032 | C37: COC(CCC1=CC(C(C)(C)C)=C(C(C(C)(C)C)=C1)O)=O | F37: O=C(OC)CCc1cc(c(O)c(c1)C(C)(C)C)C(C)(C)C | I37: Benzenepropanoic acid, 3,5-di-tert-butyl 4-hydroxy, methyl ester | W37: Negative | X37: Negative | Z37: Negative | AD37: Negative, | AJ37: NON-Mutagenic | AK37: 0 | AL37: 0.825 | AM37: NON-Mutagenic | AN37: GOOD | AO37: NON-Mutagenic | AP37: GOOD | AQ37: NON-Mutagenic | AR37: MODERATE | AS37: NON-Mutagenic | AT37: GOOD | AU37: Negative | AW37: Negative | AX37: [No Alerts] | AY37: Negative | AZ37: 0.0269 | BB37: Negative | BC37: 0.0142 | BD37: Negative | BE37: 0.0514 | BF37: Negative | BH37: Experimental | BI37: Leadscope, ECHA REACH, | BU37: Active | BV37: LOW | BW37: NON-genotoxic | BX37: MODERATE-Both predictions in agreement | BY37: Negative | BZ37: 0.238 | CA37: No alerts for the micronucleus assay (Class II) | CF37: Negative | CG37: 0.124 | CH37: Negative | CI37: 0.12 | CW37: Positive | CX37: Negative | CY37: Inactive | CZ37: Not In Domain | DA37: Not In Domain | DB37: Not In Domain | DL37: Negative | DM37: Negative | DN37: Not In Domain | DO37: Negative | DP37: Negative | DS37: 157.404 | DU37: 403.424 | DX37: no | DY37: 2000 | DZ37: maybe | FA37: 37.68 | FB37: MODERATE | FC37: 79.689298 | FD37: MODERATE | FE37: 44.289421 | FF37: YES | FH37: 88.552331 | FI37: MODERATE | FK37: no | FL37: 161 | FM37: 236.15655 | FN37: YES | FP37: 11.807828 | FQ37: CORAL LOAEL | FS37: PRED | FU37: 2 | FV37: 10 | FW37: 10 | FX37: 10 | FY37: 3 | FZ37: =FU37*FV37*FW37*FX37*FY37 -> 6000 | GA37: High (Class III) | GB37: High (Class III) | GC37: 1.5 | GD37: QSAR ToolBox v 4.4, | GF37: 0.014758722 | GI37: 0.262 | GJ37: 0.492 | GK37: 0.787 | GL37: 1.968 | GM37: ∆log<1 | GN37: 0.01 | GO37: 0.01875 | GP37: 0.03 | GQ37: 0.075 | GU37: Toxicant | GV37: MODERATE | GW37: Toxicant | GX37: MODERATE | GY37: Not known precedent reproductive and developmental toxic potential | HE37: NON-active | HF37: GOOD | HG37: Inactive | HH37: MODERATE | HI37: NON-active | HJ37: GOOD | HK37: Non binder, impaired OH or NH2 group | HO37: Inactive | HP37: GOOD | HQ37: Inactive | HR37: GOOD | HU37: Inactive | HV37: GOOD | HW37: Inactive | HX37: GOOD | IA37: Inactive | IB37: [Model ]Unable to perform Applicability Domain check. | IC37: 0.262 | ID37: 0.492 | IE37: 0.787 | IF37: 1.968 | IH37: yes
A38: 10436-08-5 | B38: N-00033-1 | C38: CCCCCCCC/C=C\CCCCCCCCCC(N)=O | F38: O=C(N)CCCCCCCCCC=CCCCCCCCC | I38: 11Z-Eicosenamide | AJ38: NON-Mutagenic | AK38: 0 | AL38: 0.75 | AM38: NON-Mutagenic | AN38: GOOD | AO38: NON-Mutagenic | AP38: GOOD | AQ38: NON-Mutagenic | AR38: MODERATE | AS38: NON-Mutagenic | AT38: MODERATE | AU38: Negative | AW38: Negative | AX38: [No Alerts] | AY38: Negative | AZ38: 0.0595 | BB38: Negative | BC38: 0.0336 | BD38: Negative | BE38: 0.0167 | BF38: Negative | BG38: Reliable (consensus score > = 0.5) | BH38: Predicted | BI38: VEGA | BU38: Inactive | BV38: GOOD | BW38: NON-genotoxic | BX38: MODERATE-Both predictions in agreement | BY38: Negative | BZ38: 0.239 | CA38: No alerts for the micronucleus assay (Class II) | CF38: Negative | CG38: 0.0593 | CH38: Negative | CI38: 0.0822 | CW38: Negative | CX38: Positive | CY38: Inactive | CZ38: Negative | DA38: Negative | DB38: Not In Domain | DL38: Negative | DM38: Negative | DN38: Not In Domain | DO38: Positive | DP38: Positive | DS38: 202.409 | DT38: out of AD | DU38: 402.078 | DW38: 1070 | DX38: maybe | DY38: 957 | DZ38: maybe | FA38: 187.79 | FB38: LOW | FC38: 834.44939 | FD38: LOW | FE38: 5.900652 | FF38: YES | FH38: 311.88896 | FI38: LOW | FJ38: 287 | FK38: maybe | FL38: 285 | FM38: 20.806546 | FN38: YES | FP38: 1.0403273 | FQ38: CORAL LOAEL | FS38: PRED | FU38: 2 | FV38: 10 | FW38: 10 | FX38: 10 | FY38: 3 | FZ38: =FU38*FV38*FW38*FX38*FY38 -> 6000 | GA38: High (Class III) | GB38: High (Class III) | GC38: 1.5 | GD38: ToxTree, Nestlé Lazar, QSAR ToolBox v 4.4 | GF38: 0.0098344199 | GU38: NON-Toxicant | GV38: MODERATE | GW38: NON-Toxicant | GX38: LOW | GY38: Not known precedent reproductive and developmental toxic potential | HE38: Possible NON-active | HF38: GOOD | HG38: Active | HH38: LOW | HI38: NON-active | HJ38: GOOD | HK38: Non binder, non cyclic structure | HO38: Inactive | HP38: GOOD | HQ38: Inactive | HR38: GOOD | HU38: Inactive | HV38: GOOD | HW38: Inactive | HX38: LOW | IA38: Inactive | IB38: [Model ]Unable to perform Applicability Domain check. | IH38: no
A39: 10586-57-9 | B39: N-00033-2 | C39: O=C(C([H])([H])C([H])([H])C([H])([H])C([H])([H])C([H])([H])C([H])([H])C([H])([H])C([H])([H])C([H])([H])/C([H])=C([H])/C([H])([H])C([H])([H])C([H])([H])C([H])([H])C([H])([H])C([H])([H])C([H])([H])C([H])([H])[H])N([H])[H] | F39: O=C(N)CCCCCCCCCC=CCCCCCCCC | I39: 11E-Eicosenamide | AJ39: NON-Mutagenic | AK39: 0 | AL39: 0.75 | AM39: NON-Mutagenic | AN39: GOOD | AO39: NON-Mutagenic | AP39: GOOD | AQ39: NON-Mutagenic | AR39: MODERATE | AS39: NON-Mutagenic | AT39: MODERATE | AU39: Negative | AW39: Negative | AX39: [No Alerts] | AY39: Negative | AZ39: 0.0595 | BB39: Negative | BD39: Negative | BF39: Negative | BG39: Reliable (consensus score > = 0.5) | BH39: Predicted | BI39: VEGA | BU39: Inactive | BV39: GOOD | BW39: NON-genotoxic | BX39: MODERATE-Both predictions in agreement | CA39: No alerts for the micronucleus assay (Class II) | CY39: Inactive | DS39: 202.409 | DT39: out of AD | DU39: 402.078 | DW39: 1070 | DX39: maybe | DY39: 957 | DZ39: maybe | FA39: 187.79 | FB39: LOW | FC39: 834.44939 | FD39: LOW | FE39: 5.900652 | FF39: YES | FH39: 311.88896 | FI39: LOW | FJ39: 287 | FK39: maybe | FL39: 285 | FM39: 20.806546 | FN39: YES | FP39: 1.0403273 | FQ39: CORAL LOAEL | FS39: PRED | FU39: 2 | FV39: 10 | FW39: 10 | FX39: 10 | FY39: 3 | FZ39: =FU39*FV39*FW39*FX39*FY39 -> 6000 | GA39: High (Class III) | GB39: High (Class III) | GC39: 1.5 | GD39: ToxTree, Nestlé Lazar, QSAR ToolBox v 4.4 | GF39: 0.0098344199 | GI39: Not derived | GJ39: Not derived | GK39: Not derived | GL39: Not derived | GM39: This compound is most probably an impurity of its isomer 11Z-eicosenamide (CAS 10436-08-5) which has no restriction. | GR39: This compound is most probably an impurity of its isomer 11Z-eicosenamide (CAS 10436-08-5) which has no restriction. | GU39: NON-Toxicant | GV39: MODERATE | GW39: NON-Toxicant | GX39: LOW | HE39: Possible NON-active | HF39: GOOD | HG39: Active | HH39: LOW | HI39: NON-active | HJ39: GOOD | HK39: Non binder, non cyclic structure | HO39: Inactive | HP39: GOOD | HQ39: Inactive | HR39: GOOD | HU39: Inactive | HV39: GOOD | HW39: Inactive | HX39: LOW | IA39: Inactive | IB39: [Model ]Unable to perform Applicability Domain check. | IC39: Not derived | ID39: Not derived | IE39: Not derived | IF39: Not derived | IG39: --> add sentence in remark fields + in reg form in Source field | IH39: no
A40: 124-26-5 | B40: N-00034 | C40: CCCCCCCCCCCCCCCCCC(N)=O | F40: O=C(N)CCCCCCCCCCCCCCCCC | I40: Octadecanamide | U40: NON-Mutagenic | W40: Negative | X40: Negative | AB40: Negative | AJ40: NON-Mutagenic | AK40: 0 | AL40: 1 | AM40: NON-Mutagenic | AN40: GOOD | AO40: NON-Mutagenic | AP40: GOOD | AQ40: NON-Mutagenic | AR40: MODERATE | AS40: NON-Mutagenic | AU40: Negative | AW40: Negative | AX40: [No Alerts] | AY40: Negative | AZ40: 0.0571 | BB40: Negative | BC40: 0.0267 | BD40: Negative | BE40: 0.0237 | BF40: Negative | BH40: Experimental | BI40: VEGA, Leadscope, | BU40: Inactive | BV40: GOOD | BW40: NON-genotoxic | BX40: GOOD-Both predictions in agreement | BY40: Negative | BZ40: 0.246 | CA40: No alerts for the micronucleus assay (Class II) | CF40: Negative | CG40: 0.0827 | CH40: Negative | CI40: 0.278 | CW40: Negative | CX40: Positive | CY40: Inactive | CZ40: Negative | DA40: Negative | DB40: Not In Domain | DL40: Negative | DM40: Negative | DN40: Positive | DO40: Positive | DP40: Positive | DS40: 203.234 | DT40: out of AD | DU40: 378.657 | DW40: 835 | DX40: maybe | DY40: 1640 | DZ40: maybe | FA40: 169.27 | FB40: LOW | FC40: 584.25172 | FD40: LOW | FE40: 9.7274722 | FF40: YES | FH40: 288.00498 | FI40: LOW | FJ40: 324 | FK40: maybe | FL40: 293 | FM40: 43.421018 | FN40: YES | FP40: 2.1710509 | FQ40: CORAL LOAEL | FS40: PRED | FU40: 2 | FV40: 10 | FW40: 10 | FX40: 10 | FY40: 3 | FZ40: =FU40*FV40*FW40*FX40*FY40 -> 6000 | GA40: High (Class III) | GB40: High (Class III) | GC40: 1.5 | GD40: ToxTree, Nestlé Lazar, QSAR ToolBox v 4.4 | GF40: 0.016212454 | IH40: no
A41: 51360-63-5 | B41: N-00035 | C41: CCCCCCCCCCCCCCCCCCCC(N)=O | F41: O=C(N)CCCCCCCCCCCCCCCCCCC | I41: Eicosanamide | AJ41: NON-Mutagenic | AK41: 0 | AL41: 0.825 | AM41: NON-Mutagenic | AN41: GOOD | AO41: NON-Mutagenic | AP41: GOOD | AQ41: NON-Mutagenic | AR41: MODERATE | AS41: NON-Mutagenic | AT41: GOOD | AU41: Negative | AW41: Negative | AX41: [No Alerts] | AY41: Negative | AZ41: 0.0564 | BB41: Negative | BC41: 0.0266 | BD41: Negative | BE41: 0.0223 | BF41: Negative | BG41: Reliable (consensus score > = 0.5) | BH41: Predicted | BI41: VEGA | BU41: Inactive | BV41: GOOD | BW41: NON-genotoxic | BX41: GOOD-Both predictions in agreement | BY41: Negative | BZ41: 0.235 | CA41: No alerts for the micronucleus assay (Class II) | CF41: Negative | CG41: 0.0724 | CH41: Negative | CI41: 0.252 | CW41: Negative | CX41: Positive | CY41: Inactive | CZ41: Negative | DA41: Negative | DB41: Not In Domain | DL41: Negative | DM41: Negative | DN41: Positive | DO41: Positive | DP41: Positive | DS41: 281.374 | DT41: out of AD | DU41: 397.175 | DW41: 952 | DX41: maybe | DY41: 5060 | DZ41: maybe | FA41: 187.79 | FB41: LOW | FC41: 793.59697 | FD41: LOW | FE41: 8.6000307 | FF41: YES | FH41: 377.65914 | FI41: LOW | FJ41: 378 | FK41: maybe | FL41: 307 | FM41: 42.785834 | FN41: YES | FP41: 2.1392917 | FQ41: CORAL LOAEL | FS41: PRED | FU41: 2 | FV41: 10 | FW41: 10 | FX41: 10 | FY41: 3 | FZ41: =FU41*FV41*FW41*FX41*FY41 -> 6000 | GA41: High (Class III) | GB41: High (Class III) | GC41: 1.5 | GD41: ToxTree, Nestlé Lazar, QSAR ToolBox v 4.4 | GF41: 0.014333384 | GI41: Not derived | GJ41: Not derived | GK41: Not derived | GL41: Not derived | GM41: ∆log>1 : low reliability | GN41: 0.01 | GO41: 0.01875 | GP41: 0.03 | GQ41: 0.075 | GU41: Toxicant | GV41: LOW | GW41: NON-Toxicant | GX41: LOW | GY41: Not known precedent reproductive and developmental toxic potential | HE41: Possible NON-active | HF41: GOOD | HG41: Active | HH41: LOW | HI41: NON-active | HJ41: MODERATE | HK41: Non binder, non cyclic structure | HO41: Inactive | HP41: GOOD | HQ41: Inactive | HR41: GOOD | HU41: Inactive | HV41: GOOD | HW41: Inactive | HX41: LOW | IA41: Inactive | IB41: [Model ]Unable to perform Applicability Domain check. | IC41: Not derived | ID41: Not derived | IE41: Not derived | IF41: Not derived | IH41: no
A42: 96-76-4 | B42: N-00037 | C42: CC(C)(C1=CC=C(C(C(C)(C)C)=C1)O)C | F42: Oc1ccc(cc1C(C)(C)C)C(C)(C)C | I42: Phenol, 2,4-di-tert-butyl | J42: 2017-042 | K42: Y | W42: No Call Data Present | AD42: Negative, | AJ42: NON-Mutagenic | AK42: 0 | AL42: 0.9 | AM42: NON-Mutagenic | AN42: GOOD | AO42: NON-Mutagenic | AP42: GOOD | AQ42: NON-Mutagenic | AR42: GOOD | AS42: NON-Mutagenic | AT42: GOOD | AU42: Negative | AW42: Negative | AX42: [No Alerts] | AY42: Negative | AZ42: 0.0452 | BB42: Negative | BC42: 0.0322 | BD42: Negative | BE42: 0.081 | BF42: Negative | BH42: Experimental | BI42: ECHA REACH, | BR42: Negative, | BU42: Active | BV42: GOOD | BW42: NON-genotoxic | BX42: GOOD-Both predictions in agreement | BY42: Negative | BZ42: 0.304 | CA42: No alerts for the micronucleus assay (Class II) | CF42: Negative | CG42: 0.236 | CH42: Negative | CI42: 0.0796 | CW42: Negative | CX42: Negative | CY42: Inactive | CZ42: Negative | DA42: Negative | DB42: Negative | DL42: Negative | DM42: Negative | DN42: Negative | DO42: Negative | DP42: Negative | DS42: 227.301 | DU42: 506.343 | DW42: 219 | DX42: maybe | DY42: 608 | DZ42: maybe | EA42: 6.67 | EK42: 150 | EL42: subchronic | FA42: 20.51 | FC42: 53.394927 | FD42: MODERATE | FE42: 11.053505 | FF42: YES | FH42: 22.682974 | FI42: LOW | FJ42: 32.6 | FK42: maybe | FL42: 66.2 | FM42: 32.673827 | FN42: YES | FP42: 3.335 | FQ42: VEGA-exp | FS42: exp | FU42: 2 | FV42: 10 | FW42: 10 | FX42: 1 | FY42: 3 | FZ42: =FU42*FV42*FW42*FX42*FY42 -> 600 | GA42: Low (Class I) | GB42: Low (Class I) | GC42: 30 | GD42: ToxTree, Nestlé Lazar, QSAR ToolBox v 4.4 | GF42: 0.010866667 | GI42: 0.4 | GJ42: 0.7 | GK42: 1.1 | GL42: 2.8 | GN42: 0.2 | GO42: 0.375 | GP42: 0.6 | GQ42: 1.5 | GU42: Toxicant | GV42: MODERATE | GW42: NON-Toxicant | GX42: LOW | GY42: Not known precedent reproductive and developmental toxic potential | GZ42: NON-active | HA42: Active | HE42: NON-active | HF42: EXPERIMENTAL | HG42: Active | HH42: EXPERIMENTAL | HI42: NON-active | HJ42: GOOD | HK42: Strong binder, OH group | HO42: Inactive | HP42: GOOD | HQ42: Inactive | HR42: GOOD | HU42: Inactive | HV42: GOOD | HW42: Not predicted | HX42: LOW | IA42: Inactive | IB42: [Model ]Unable to perform Applicability Domain check. | IC42: 0.4 | ID42: 0.7 | IE42: 1.1 | IF42: 2.8 | IH42: yes
A43: NA | B43: N-00038 | C43: CCCCCCCCCCCCCCCCCCCCCCCC(N)=O | F43: O=C(N)CCCCCCCCCCCCCCCCCCCCCCC | I43: Tetracosanamide | AJ43: NON-Mutagenic | AK43: 0 | AL43: 0.825 | AM43: NON-Mutagenic | AN43: GOOD | AO43: NON-Mutagenic | AP43: GOOD | AQ43: NON-Mutagenic | AR43: MODERATE | AS43: NON-Mutagenic | AT43: GOOD | AU43: Negative | AW43: Negative | AX43: [No Alerts] | AY43: Negative | AZ43: 0.055 | BB43: Negative | BC43: 0.0264 | BD43: Negative | BE43: 0.0198 | BF43: Negative | BG43: Reliable (consensus score > = 0.5) | BH43: Predicted | BI43: VEGA | BU43: Inactive | BV43: GOOD | BW43: NON-genotoxic | BX43: MODERATE-Both predictions in agreement | BY43: Negative | BZ43: 0.215 | CA43: No alerts for the micronucleus assay (Class II) | CF43: Negative | CG43: 0.0553 | CH43: Negative | CI43: 0.204 | CW43: Negative | CX43: Positive | CY43: Inactive | CZ43: Negative | DA43: Negative | DB43: Not In Domain | DL43: Negative | DM43: Negative | DN43: Positive | DO43: Positive | DP43: Positive | DS43: 521.872 | DT43: out of AD | DU43: 431.694 | DW43: 1050 | DX43: maybe | DY43: 1750 | DZ43: maybe | FA43: 231.14 | FB43: LOW | FC43: 1464.5358 | FD43: LOW | FE43: 6.7235711 | FF43: YES | FH43: 649.23212 | FI43: LOW | FJ43: 468 | FK43: maybe | FL43: 327 | FM43: 41.533641 | FN43: YES | FP43: 32.7 | FQ43: Mazzatorta | FS43: PRED | FU43: 1 | FV43: 10 | FW43: 10 | FX43: 10 | FY43: 3 | FZ43: =FU43*FV43*FW43*FX43*FY43 -> 3000 | GA43: High (Class III) | GB43: High (Class III) | GC43: 1.5 | GD43: ToxTree, Nestlé Lazar, QSAR ToolBox v 4.4 | GF43: 0.109 | GI43: 0.727 | GJ43: 1.363 | GK43: 2.18 | GL43: 5.45 | GM43: ∆log<1 | GN43: 0.01 | GO43: 0.01875 | GP43: 0.03 | GQ43: 0.075 | GU43: Toxicant | GV43: LOW | GW43: NON-Toxicant | GX43: LOW | GY43: Not known precedent reproductive and developmental toxic potential | HE43: Possible NON-active | HF43: GOOD | HG43: Active | HH43: LOW | HI43: NON-active | HJ43: MODERATE | HK43: Non binder, non cyclic structure | HO43: Inactive | HP43: GOOD | HQ43: Inactive | HR43: GOOD | HU43: Inactive | HV43: GOOD | HW43: Inactive | HX43: LOW | IA43: Inactive | IB43: [Model ]Unable to perform Applicability Domain check. | IC43: 0.727 | ID43: 1.363 | IE43: 2.18 | IF43: 5.45 | IH43: yes
A44: 629-54-9 | B44: N-00039 | C44: CCCCCCCCCCCCCCCC(N)=O | F44: O=C(N)CCCCCCCCCCCCCCC | I44: Hexadecanamide | AJ44: NON-Mutagenic | AK44: 0 | AL44: 0.825 | AM44: NON-Mutagenic | AN44: GOOD | AO44: NON-Mutagenic | AP44: GOOD | AQ44: NON-Mutagenic | AR44: MODERATE | AS44: NON-Mutagenic | AT44: GOOD | AU44: Negative | AW44: Negative | AX44: [No Alerts] | AY44: Negative | AZ44: 0.0578 | BB44: Negative | BC44: 0.0267 | BD44: Negative | BE44: 0.0251 | BF44: Negative | BG44: Reliable (consensus score > = 0.5) | BH44: Predicted | BI44: VEGA | BU44: Inactive | BV44: GOOD | BW44: NON-genotoxic | BX44: GOOD-Both predictions in agreement | BY44: Negative | BZ44: 0.257 | CA44: No alerts for the micronucleus assay (Class II) | CF44: Negative | CG44: 0.0943 | CH44: Negative | CI44: 0.307 | CW44: Negative | CX44: Positive | CY44: Inactive | CZ44: Negative | DA44: Negative | DB44: Not In Domain | DL44: Negative | DM44: Negative | DN44: Positive | DO44: Positive | DP44: Positive | DS44: 145.541 | DU44: 359.332 | DW44: 829 | DX44: maybe | DY44: 1300 | DZ44: maybe | FA44: 152.57 | FB44: LOW | FC44: 430.13026 | FD44: LOW | FE44: 11.002718 | FF44: YES | FH44: 219.6848 | FI44: LOW | FJ44: 324 | FK44: maybe | FL44: 275 | FM44: 44.075779 | FN44: YES | FP44: 2.203789 | FQ44: CORAL LOAEL | FS44: PRED | FU44: 2 | FV44: 10 | FW44: 10 | FX44: 10 | FY44: 3 | FZ44: =FU44*FV44*FW44*FX44*FY44 -> 6000 | GA44: High (Class III) | GB44: High (Class III) | GC44: 1.5 | GD44: ToxTree, Nestlé Lazar, QSAR ToolBox v 4.4 | GF44: 0.018337864 | GI44: Not derived | GJ44: Not derived | GK44: Not derived | GL44: Not derived | GM44: ∆log>1 : low reliability | GN44: 0.01 | GO44: 0.01875 | GP44: 0.03 | GQ44: 0.075 | GU44: NON-Toxicant | GV44: GOOD | GW44: NON-Toxicant | GX44: LOW | GY44: Not known precedent reproductive and developmental toxic potential | HE44: Possible NON-active | HF44: GOOD | HG44: Active | HH44: LOW | HI44: NON-active | HJ44: MODERATE | HK44: Non binder, non cyclic structure | HO44: Inactive | HP44: GOOD | HQ44: Inactive | HR44: GOOD | HU44: Inactive | HV44: GOOD | HW44: Inactive | HX44: LOW | IA44: Inactive | IB44: [Model ]Unable to perform Applicability Domain check. | IC44: Not derived | ID44: Not derived | IE44: Not derived | IF44: Not derived | IH44: no
A45: 3999-01-7 | B45: N-00040 | C45: CCCCC/C=C\C/C=C\CCCCCCCC(N)=O | F45: O=C(N)CCCCCCCC=CCC=CCCCCC | I45: 9,12-Octadecadienamide | AJ45: NON-Mutagenic | AK45: 0 | AL45: 0.825 | AM45: NON-Mutagenic | AN45: GOOD | AO45: NON-Mutagenic | AP45: GOOD | AQ45: NON-Mutagenic | AR45: MODERATE | AS45: NON-Mutagenic | AT45: GOOD | AU45: Negative | AW45: Negative | AX45: [No Alerts] | AY45: Negative | AZ45: 0.0605 | BB45: Negative | BC45: 0.0335 | BD45: Negative | BE45: 0.018 | BF45: Negative | BG45: Reliable (consensus score > = 0.5) | BH45: Predicted | BI45: VEGA | BU45: Inactive | BV45: GOOD | BW45: NON-genotoxic | BX45: MODERATE-Both predictions in agreement | BY45: Negative | BZ45: 0.253 | CA45: No alerts for the micronucleus assay (Class II) | CF45: Negative | CG45: 0.0704 | CH45: Negative | CI45: 0.0961 | CW45: Negative | CX45: Positive | CY45: Inactive | CZ45: Negative | DA45: Negative | DB45: Not In Domain | DL45: Negative | DM45: Negative | DN45: Not In Domain | DO45: Positive | DP45: Positive | DS45: 105.022 | DU45: 392.057 | DW45: 1850 | DX45: maybe | DY45: 5070 | DZ45: maybe | FA45: 169.27 | FB45: LOW | FC45: 645.95163 | FD45: LOW | FE45: 4.5793095 | FF45: YES | FH45: 196.4717 | FI45: LOW | FJ45: 559 | FK45: maybe | FL45: 323 | FM45: 10.273064 | FN45: YES | FP45: 0.51365321 | FQ45: CORAL LOAEL | FS45: PRED | FU45: 2 | FV45: 10 | FW45: 10 | FX45: 10 | FY45: 3 | FZ45: =FU45*FV45*FW45*FX45*FY45 -> 6000 | GA45: High (Class III) | GB45: High (Class III) | GC45: 1.5 | GD45: ToxTree, Nestlé Lazar, QSAR ToolBox v 4.4 | GF45: 0.0076321826 | GI45: Not derived | GJ45: Not derived | GK45: Not derived | GL45: Not derived | GM45: ∆log>2: very low reliability | GN45: 0.01 | GO45: 0.01875 | GP45: 0.03 | GQ45: 0.075 | GU45: NON-Toxicant | GV45: MODERATE | GW45: NON-Toxicant | GX45: LOW | GY45: Not known precedent reproductive and developmental toxic potential | HE45: Possible NON-active | HF45: GOOD | HG45: Active | HH45: LOW | HI45: NON-active | HJ45: MODERATE | HK45: Non binder, non cyclic structure | HO45: Inactive | HP45: GOOD | HQ45: Inactive | HR45: GOOD | HU45: Inactive | HV45: GOOD | HW45: Inactive | HX45: LOW | IA45: Inactive | IB45: [Model ]Unable to perform Applicability Domain check. | IC45: Not derived | ID45: Not derived | IE45: Not derived | IF45: Not derived | IH45: no
A46: 3061-75-4 | B46: N-00041 | C46: CCCCCCCCCCCCCCCCCCCCCC(N)=O | F46: O=C(N)CCCCCCCCCCCCCCCCCCCCC | I46: Docosanamide | W46: No Call Data Present | AJ46: NON-Mutagenic | AK46: 0 | AL46: 0.825 | AM46: NON-Mutagenic | AN46: GOOD | AO46: NON-Mutagenic | AP46: GOOD | AQ46: NON-Mutagenic | AR46: MODERATE | AS46: NON-Mutagenic | AT46: GOOD | AU46: Negative | AW46: Negative | AX46: [No Alerts] | AY46: Negative | AZ46: 0.0557 | BB46: Negative | BC46: 0.0265 | BD46: Negative | BE46: 0.021 | BF46: Negative | BG46: Reliable (consensus score > = 0.5) | BH46: Predicted | BI46: VEGA | BU46: Inactive | BV46: GOOD | BW46: NON-genotoxic | BX46: GOOD-Both predictions in agreement | BY46: Negative | BZ46: 0.225 | CA46: No alerts for the micronucleus assay (Class II) | CF46: Negative | CG46: 0.0633 | CH46: Negative | CI46: 0.227 | CW46: Negative | CX46: Positive | CY46: Inactive | CZ46: Negative | DA46: Negative | DB46: Not In Domain | DL46: Negative | DM46: Negative | DN46: Positive | DO46: Positive | DP46: Positive | DS46: 385.489 | DT46: out of AD | DU46: 414.838 | DW46: 1090 | DX46: maybe | DY46: 1610 | DZ46: maybe | FA46: 208.34 | FB46: LOW | FC46: 1077.9534 | FD46: LOW | FE46: 7.6032628 | FF46: YES | FH46: 495.22208 | FI46: LOW | FJ46: 473 | FK46: maybe | FL46: 319 | FM46: 42.150235 | FN46: YES | FP46: 2.1075117 | FQ46: CORAL LOAEL | FS46: PRED | FU46: 2 | FV46: 10 | FW46: 10 | FX46: 10 | FY46: 3 | FZ46: =FU46*FV46*FW46*FX46*FY46 -> 6000 | GA46: High (Class III) | GB46: High (Class III) | GC46: 1.5 | GD46: ToxTree, Nestlé Lazar, QSAR ToolBox v 4.4 | GF46: 0.012672105 | IH46: no
A47: 95-96-5 | B47: N-00042 | C47: C[C@H]1OC([C@H](OC1=O)C)=O | F47: O=C1OC(C(=O)OC1C)C | I47: 3,6-Dimethyl-1,4-dioxane-2,5-dione / Dilactide / 2LA Cyclic | W47: No Call Data Present | X47: Negative | AB47: Negative | AJ47: Mutagenic | AK47: 0.2 | AL47: 0.2 | AM47: Mutagenic | AN47: LOW | AO47: Possible NON-Mutagenic | AP47: MODERATE | AQ47: NON-Mutagenic | AR47: LOW | AS47: Mutagenic | AT47: MODERATE | AU47: Negative | AW47: Negative (3) | AX47: [No Alerts] | AY47: Negative | AZ47: 0.286 | BB47: Negative | BC47: 0.156 | BD47: Negative | BE47: 0.0877 | BF47: Negative | BH47: Experimental | BI47: ECHA | BU47: Not predicted | BV47: LOW | BW47: NON-genotoxic | BX47: MODERATE-Both predictions in agreement | BY47: Positive | BZ47: 0.601 | CA47: At least one positive structural alerts for the micronucleus assay (Class I) | CF47: Positive | CG47: 0.533 | CH47: Positive | CI47: 0.633 | CW47: Negative | CX47: Positive | CY47: Inactive | CZ47: Not In Domain | DA47: Not In Domain | DB47: Not In Domain | DL47: Positive | DM47: Positive | DN47: Not In Domain | DO47: Not In Domain | DP47: Not In Domain | DS47: 29.394 | DU47: 467.024 | DX47: no | DZ47: no | FA47: 96.84 | FB47: MODERATE | FC47: 87.156544 | FD47: MODERATE | FE47: 362.32642 | FF47: YES | FH47: 191.38152 | FI47: MODERATE | FK47: no | FL47: 85.9 | FM47: 616.31111 | FN47: YES | GU47: NON-Toxicant | GV47: LOW | GW47: Toxicant | GX47: GOOD | GY47: Known precedent reproductive and developmental toxic potential;Piperazine-, dioxane-, morpholine-, tetrahydrothiopyran-like derivatives and cyclohexanamine (17c) | HE47: Possible NON-active | HF47: GOOD | HG47: Inactive | HH47: GOOD | HI47: NON-active | HJ47: GOOD | HK47: Non binder, without OH or NH2 group | HL47: Inactive | HM47: Inactive | HO47: Inactive | HP47: EXPERIMENTAL | HQ47: Inactive | HR47: EXPERIMENTAL | HU47: Inactive | HV47: GOOD | HW47: Active agonist | HX47: LOW | IA47: Inactive | IB47: [Model ]Unable to perform Applicability Domain check. | IH47: no
A48: NA | B48: N-00043 | C48: O=C1O[C@H](C(O[C@H](C(O[C@H](C(O[C@H](C(O[C@H](C(O[C@H](C(O[C@H](C(O[C@H]1C)=O)C)=O)C)=O)C)=O)C)=O)C)=O)C)=O)C | F48: O=C1OC(C(=O)OC(C(=O)OC(C(=O)OC(C(=O)OC(C(=O)OC(C(=O)OC(C(=O)OC1C)C)C)C)C)C)C)C | I48: 8LA Cyclic | AJ48: NON-Mutagenic | AK48: 0 | AL48: 0.6 | AM48: NON-Mutagenic | AN48: MODERATE | AO48: NON-Mutagenic | AP48: MODERATE | AQ48: NON-Mutagenic | AR48: MODERATE | AS48: NON-Mutagenic | AT48: MODERATE | AU48: Negative | AW48: Negative | AX48: [No Alerts] | AY48: Negative | AZ48: 0.288 | BB48: Negative | BC48: 0.166 | BD48: Negative | BE48: 0.0776 | BF48: Negative | BG48: Reliable (consensus score > = 0.5) | BH48: Predicted | BI48: VEGA | BU48: Not predicted | BV48: LOW | BW48: NON-genotoxic | BX48: MODERATE-Based only on ONE available prediction | BY48: Positive | BZ48: 0.629 | CA48: At least one positive structural alerts for the micronucleus assay (Class I) | CF48: Negative | CG48: 0.356 | CH48: Positive | CI48: 0.603 | CW48: Not In Domain | CX48: Positive | CY48: Active | CZ48: Not In Domain | DA48: Not In Domain | DB48: Not In Domain | DL48: Positive | DM48: Negative | DN48: Not In Domain | DO48: Not In Domain | DP48: Not In Domain | DS48: 0.144 | DT48: out of AD | DU48: 765.393 | DV48: out of AD | DX48: no | DZ48: no | FA48: 2160.39 | FB48: MODERATE | FC48: 322.62647 | FD48: MODERATE | FE48: 17631.936 | FF48: YES | FH48: 23243.418 | FI48: LOW | FK48: no | FL48: 364 | FM48: 42746.445 | FN48: YES | FP48: 36.4 | FQ48: Mazzatorta | FS48: PRED | FU48: 1 | FV48: 10 | FW48: 10 | FX48: 10 | FY48: 3 | FZ48: =FU48*FV48*FW48*FX48*FY48 -> 3000 | GA48: Low (Class I) | GB48: Low (Class I) | GC48: 30 | GD48: ToxTree, Nestlé Lazar, QSAR ToolBox v 4.4 | GF48: 0.12133333 | GI48: 0.809 | GJ48: 1.517 | GK48: 2.427 | GL48: 6.067 | GM48: ∆log>1 : low reliability | GN48: 0.2 | GO48: 0.375 | GP48: 0.6 | GQ48: 1.5 | GU48: NON-Toxicant | GV48: LOW | GW48: NON-Toxicant | GX48: LOW | GY48: Not known precedent reproductive and developmental toxic potential | HE48: Possible NON-active | HF48: GOOD | HG48: Inactive | HH48: GOOD | HI48: NON-active | HJ48: MODERATE | HK48: Non binder, MW>500 | HO48: Inactive | HP48: GOOD | HQ48: Inactive | HR48: GOOD | HU48: Inactive | HV48: GOOD | HW48: Active agonist | HX48: LOW | IA48: Inactive | IB48: [Model ]Unable to perform Applicability Domain check. | IC48: 0.809 | ID48: 1.517 | IE48: 2.427 | IF48: 6.067 | IH48: yes
A49: NA | B49: N-00044 | C49: O=C1O[C@H](C(O[C@H](C(O[C@H](C(O[C@H](C(O[C@H](C(O[C@H](C(O[C@H]1C)=O)C)=O)C)=O)C)=O)C)=O)C)=O)C | F49: O=C1OC(C(=O)OC(C(=O)OC(C(=O)OC(C(=O)OC(C(=O)OC(C(=O)OC1C)C)C)C)C)C)C | I49: 7LA Cyclic | AJ49: NON-Mutagenic | AK49: 0 | AL49: 0.6 | AM49: NON-Mutagenic | AN49: MODERATE | AO49: NON-Mutagenic | AP49: MODERATE | AQ49: NON-Mutagenic | AR49: MODERATE | AS49: NON-Mutagenic | AT49: MODERATE | AU49: Negative | AW49: Negative | AX49: [No Alerts] | AY49: Negative | AZ49: 0.287 | BB49: Negative | BC49: 0.165 | BD49: Negative | BE49: 0.0778 | BF49: Negative | BG49: Reliable (consensus score > = 0.5) | BH49: Predicted | BI49: VEGA | BU49: Not predicted | BV49: LOW | BW49: NON-genotoxic | BX49: MODERATE-Based only on ONE available prediction | BY49: Positive | BZ49: 0.63 | CA49: At least one positive structural alerts for the micronucleus assay (Class I) | CF49: Negative | CG49: 0.384 | CH49: Positive | CI49: 0.608 | CW49: Not In Domain | CX49: Positive | CY49: Active | CZ49: Not In Domain | DA49: Not In Domain | DB49: Not In Domain | DL49: Positive | DM49: Negative | DN49: Not In Domain | DO49: Not In Domain | DP49: Not In Domain | DS49: 0.264 | DT49: out of AD | DU49: 710.985 | DV49: out of AD | DX49: no | DZ49: no | FA49: 1287.61 | FB49: MODERATE | FC49: 259.41794 | FD49: MODERATE | FE49: 9227.8388 | FF49: YES | FH49: 10444.797 | FI49: LOW | FK49: no | FL49: 289 | FM49: 21091.137 | FN49: YES | FP49: 28.9 | FQ49: Mazzatorta | FS49: PRED | FU49: 1 | FV49: 10 | FW49: 10 | FX49: 10 | FY49: 3 | FZ49: =FU49*FV49*FW49*FX49*FY49 -> 3000 | GA49: Low (Class I) | GB49: Low (Class I) | GC49: 30 | GD49: ToxTree, Nestlé Lazar, QSAR ToolBox v 4.4 | GF49: 0.096333333 | GI49: 0.642 | GJ49: 1.204 | GK49: 1.927 | GL49: 4.817 | GM49: ∆log>1 : low reliability | GN49: 0.2 | GO49: 0.375 | GP49: 0.6 | GQ49: 1.5 | GU49: NON-Toxicant | GV49: LOW | GW49: NON-Toxicant | GX49: LOW | GY49: Not known precedent reproductive and developmental toxic potential | HE49: Possible NON-active | HF49: GOOD | HG49: Inactive | HH49: MODERATE | HI49: NON-active | HJ49: MODERATE | HK49: Non binder, MW>500 | HO49: Inactive | HP49: GOOD | HQ49: Inactive | HR49: GOOD | HU49: Inactive | HV49: GOOD | HW49: Active agonist | HX49: LOW | IA49: Inactive | IB49: [Model ]Unable to perform Applicability Domain check. | IC49: 0.642 | ID49: 1.204 | IE49: 1.927 | IF49: 4.817 | IH49: yes
A50: NA | B50: N-00045 | C50: O=C1O[C@H](C(O[C@H](C(O[C@H](C(O[C@H](C(O[C@H](C(O[C@H]1C)=O)C)=O)C)=O)C)=O)C)=O)C | F50: O=C1OC(C(=O)OC(C(=O)OC(C(=O)OC(C(=O)OC(C(=O)OC1C)C)C)C)C)C | I50: 6LA Cyclic | AJ50: NON-Mutagenic | AK50: 0 | AL50: 0.6 | AM50: NON-Mutagenic | AN50: MODERATE | AO50: NON-Mutagenic | AP50: MODERATE | AQ50: NON-Mutagenic | AR50: MODERATE | AS50: NON-Mutagenic | AT50: MODERATE | AU50: Negative | AW50: Negative | AX50: [No Alerts] | AY50: Negative | AZ50: 0.287 | BB50: Negative | BC50: 0.163 | BD50: Negative | BE50: 0.0781 | BF50: Negative | BG50: Reliable (consensus score > = 0.5) | BH50: Predicted | BI50: VEGA | BU50: Not predicted | BV50: LOW | BW50: NON-genotoxic | BX50: MODERATE-Based only on ONE available prediction | BY50: Positive | BZ50: 0.626 | CA50: At least one positive structural alerts for the micronucleus assay (Class I) | CF50: Negative | CG50: 0.413 | CH50: Positive | CI50: 0.613 | CW50: Not In Domain | CX50: Positive | CY50: Active | CZ50: Not In Domain | DA50: Not In Domain | DB50: Not In Domain | DL50: Positive | DM50: Negative | DN50: Not In Domain | DO50: Not In Domain | DP50: Not In Domain | DS50: 0.537 | DT50: out of AD | DU50: 671.701 | DV50: out of AD | DX50: no | DZ50: no | FA50: 767.42 | FB50: MODERATE | FC50: 208.5451 | FD50: MODERATE | FE50: 4829.4759 | FF50: YES | FH50: 4693.5343 | FI50: MODERATE | FK50: no | FL50: 229 | FM50: 10403.992 | FN50: YES | FP50: 22.9 | FQ50: Mazzatorta | FS50: PRED | FU50: 1 | FV50: 10 | FW50: 10 | FX50: 10 | FY50: 3 | FZ50: =FU50*FV50*FW50*FX50*FY50 -> 3000 | GA50: Low (Class I) | GB50: Low (Class I) | GC50: 30 | GD50: ToxTree, Nestlé Lazar, QSAR ToolBox v 4.4 | GF50: 0.076333333 | GI50: 0.509 | GJ50: 0.954 | GK50: 1.527 | GL50: 3.817 | GM50: ∆log>1 : low reliability | GN50: 0.2 | GO50: 0.375 | GP50: 0.6 | GQ50: 1.5 | GU50: NON-Toxicant | GV50: MODERATE | GW50: NON-Toxicant | GX50: LOW | GY50: Not known precedent reproductive and developmental toxic potential | HE50: Possible NON-active | HF50: GOOD | HG50: Inactive | HH50: MODERATE | HI50: NON-active | HJ50: MODERATE | HK50: Non binder, without OH or NH2 group | HO50: Inactive | HP50: GOOD | HQ50: Inactive | HR50: GOOD | HU50: Inactive | HV50: GOOD | HW50: Active agonist | HX50: LOW | IA50: Inactive | IB50: [Model ]Unable to perform Applicability Domain check. | IC50: 0.509 | ID50: 0.954 | IE50: 1.527 | IF50: 3.817 | IH50: yes
A51: NA | B51: N-00046 | C51: O=C1O[C@H](C(O[C@H](C(O[C@H](C(O[C@H](C(O[C@H](C(O[C@H](C(O[C@H](C(O[C@H](C(O[C@H]1C)=O)C)=O)C)=O)C)=O)C)=O)C)=O)C)=O)C)=O)C | F51: O=C1OC(C(=O)OC(C(=O)OC(C(=O)OC(C(=O)OC(C(=O)OC(C(=O)OC(C(=O)OC(C(=O)OC1C)C)C)C)C)C)C)C)C | I51: 9LA Cyclic | AJ51: NON-Mutagenic | AK51: 0 | AL51: 0.6 | AM51: NON-Mutagenic | AN51: MODERATE | AO51: NON-Mutagenic | AP51: MODERATE | AQ51: NON-Mutagenic | AR51: MODERATE | AS51: NON-Mutagenic | AT51: MODERATE | AU51: Negative | AW51: Negative | AX51: [No Alerts] | AY51: Negative | AZ51: 0.288 | BB51: Negative | BC51: 0.168 | BD51: Negative | BE51: 0.0772 | BF51: Negative | BG51: Reliable (consensus score > = 0.5) | BH51: Predicted | BI51: VEGA | BU51: Not predicted | BV51: LOW | BW51: NON-genotoxic | BX51: MODERATE-Based only on ONE available prediction | BY51: Positive | BZ51: 0.628 | CA51: At least one positive structural alerts for the micronucleus assay (Class I) | CF51: Negative | CG51: 0.329 | CH51: Positive | CI51: 0.598 | CW51: Not In Domain | CX51: Positive | CY51: Active | CZ51: Not In Domain | DA51: Not In Domain | DB51: Not In Domain | DL51: Positive | DM51: Negative | DN51: Not In Domain | DO51: Not In Domain | DP51: Not In Domain | DS51: 0.092 | DT51: out of AD | DU51: 846.458 | DV51: out of AD | DX51: no | DZ51: no | FA51: 3624.78 | FB51: MODERATE | FC51: 401.3285 | FD51: MODERATE | FE51: 33689.922 | FF51: YES | FH51: 51724.941 | FI51: LOW | FK51: no | FL51: 457 | FM51: 86656.272 | FN51: YES | FP51: 45.7 | FQ51: Mazzatorta | FS51: PRED | FU51: 1 | FV51: 10 | FW51: 10 | FX51: 10 | FY51: 3 | FZ51: =FU51*FV51*FW51*FX51*FY51 -> 3000 | GA51: Low (Class I) | GB51: Low (Class I) | GC51: 30 | GD51: ToxTree, Nestlé Lazar, QSAR ToolBox v 4.4 | GF51: 0.15233333 | GI51: 1.016 | GJ51: 1.904 | GK51: 3.047 | GL51: 7.617 | GM51: ∆log>1 : low reliability | GN51: 0.2 | GO51: 0.375 | GP51: 0.6 | GQ51: 1.5 | GU51: NON-Toxicant | GV51: LOW | GW51: NON-Toxicant | GX51: LOW | GY51: Not known precedent reproductive and developmental toxic potential | HE51: Possible NON-active | HF51: GOOD | HG51: Inactive | HH51: MODERATE | HI51: NON-active | HJ51: MODERATE | HK51: Non binder, MW>500 | HO51: Inactive | HP51: GOOD | HQ51: Inactive | HR51: GOOD | HU51: Inactive | HV51: MODERATE | HW51: Active agonist | HX51: LOW | IA51: Inactive | IB51: [Model ]Unable to perform Applicability Domain check. | IC51: 1.016 | ID51: 1.904 | IE51: 3.047 | IF51: 7.617 | IH51: yes
A52: NA | B52: N-00047 | C52: O=C1OC(C(OC(C(OC(C(OC(C(OC(C(OC(C(OC(C(OC(C(OC(C(OC1C)=O)C)=O)C)=O)C)=O)C)=O)C)=O)C)=O)C)=O)C)=O)C | F52: O=C1OC(C(=O)OC(C(=O)OC(C(=O)OC(C(=O)OC(C(=O)OC(C(=O)OC(C(=O)OC(C(=O)OC(C(=O)OC1C)C)C)C)C)C)C)C)C)C | I52: 10LA Cyclic | AJ52: NON-Mutagenic | AK52: 0 | AL52: 0.6 | AM52: NON-Mutagenic | AN52: MODERATE | AO52: NON-Mutagenic | AP52: MODERATE | AQ52: NON-Mutagenic | AR52: MODERATE | AS52: NON-Mutagenic | AT52: MODERATE | AU52: Negative | AW52: Negative | AX52: [No Alerts] | AY52: Negative | AZ52: 0.288 | BB52: Negative | BC52: 0.17 | BD52: Negative | BE52: 0.077 | BF52: Negative | BG52: Reliable (consensus score > = 0.5) | BH52: Predicted | BI52: VEGA | BU52: Not predicted | BV52: LOW | BW52: NON-genotoxic | BX52: MODERATE-Based only on ONE available prediction | BY52: Positive | BZ52: 0.627 | CA52: At least one positive structural alerts for the micronucleus assay (Class I) | CF52: Negative | CG52: 0.303 | CH52: Positive | CI52: 0.593 | CW52: Not In Domain | CX52: Positive | CY52: Active | CZ52: Not In Domain | DA52: Not In Domain | DB52: Not In Domain | DL52: Positive | DM52: Negative | DN52: Not In Domain | DO52: Not In Domain | DP52: Not In Domain | DS52: 0.066 | DT52: out of AD | DU52: 950.978 | DV52: out of AD | DX52: no | DZ52: no | FA52: 6081.78 | FB52: LOW | FC52: 499.11429 | FD52: MODERATE | FE52: 64372.444 | FF52: YES | FH52: 115106.54 | FI52: LOW | FK52: no | FL52: 574 | FM52: 175630.53 | FN52: YES | FP52: 57.4 | FQ52: Mazzatorta | FS52: PRED | FU52: 1 | FV52: 10 | FW52: 10 | FX52: 10 | FY52: 3 | FZ52: =FU52*FV52*FW52*FX52*FY52 -> 3000 | GA52: Low (Class I) | GB52: Low (Class I) | GC52: 30 | GD52: ToxTree, Nestlé Lazar, QSAR ToolBox v 4.4 | GF52: 0.19133333 | GI52: Not derived | GJ52: Not derived | GK52: Not derived | GL52: Not derived | GM52: ∆log>2: very low reliability | GN52: 0.2 | GO52: 0.375 | GP52: 0.6 | GQ52: 1.5 | GU52: NON-Toxicant | GV52: LOW | GW52: NON-Toxicant | GX52: LOW | GY52: Not known precedent reproductive and developmental toxic potential | HE52: Possible NON-active | HF52: GOOD | HG52: Inactive | HH52: MODERATE | HI52: NON-active | HJ52: MODERATE | HK52: Non binder, MW>500 | HO52: Inactive | HP52: GOOD | HQ52: Inactive | HR52: GOOD | HU52: Inactive | HV52: GOOD | HW52: Active agonist | HX52: LOW | IA52: Inactive | IB52: [Model ]Unable to perform Applicability Domain check. | IC52: Not derived | ID52: Not derived | IE52: Not derived | IF52: Not derived | IH52: no
A53: NA | B53: N-00048 | C53: O=C1O[C@H](C(O[C@H](C(O[C@H](C(O[C@H](C(O[C@H]1C)=O)C)=O)C)=O)C)=O)C | F53: O=C1OC(C(=O)OC(C(=O)OC(C(=O)OC(C(=O)OC1C)C)C)C)C | I53: 5LA Cyclic | AJ53: NON-Mutagenic | AK53: 0 | AL53: 0.5 | AM53: NON-Mutagenic | AN53: MODERATE | AO53: NON-Mutagenic | AP53: MODERATE | AQ53: NON-Mutagenic | AR53: MODERATE | AS53: NON-Mutagenic | AT53: LOW | AU53: Negative | AW53: Negative | AX53: [No Alerts] | AY53: Negative | AZ53: 0.287 | BB53: Negative | BC53: 0.161 | BD53: Negative | BE53: 0.0784 | BF53: Negative | BG53: Reliable (consensus score > = 0.5) | BH53: Predicted | BI53: VEGA | BU53: Not predicted | BV53: LOW | BW53: NON-genotoxic | BX53: MODERATE-Based only on ONE available prediction | BY53: Positive | BZ53: 0.62 | CA53: At least one positive structural alerts for the micronucleus assay (Class I) | CF53: Negative | CG53: 0.443 | CH53: Positive | CI53: 0.618 | CW53: Not In Domain | CX53: Positive | CY53: Active | CZ53: Not In Domain | DA53: Not In Domain | DB53: Not In Domain | DL53: Positive | DM53: Negative | DN53: Not In Domain | DO53: Not In Domain | DP53: Not In Domain | DS53: 1.347 | DT53: out of AD | DU53: 642.335 | DV53: out of AD | DX53: no | DZ53: no | FA53: 457.39 | FB53: MODERATE | FC53: 167.68723 | FD53: MODERATE | FE53: 2527.5514 | FF53: YES | FH53: 2109.1137 | FI53: MODERATE | FK53: no | FL53: 181 | FM53: 5132.1578 | FN53: YES | FP53: 18.1 | FQ53: Mazzatorta | FS53: PRED | FU53: 1 | FV53: 10 | FW53: 10 | FX53: 10 | FY53: 3 | FZ53: =FU53*FV53*FW53*FX53*FY53 -> 3000 | GA53: Low (Class I) | GB53: Low (Class I) | GC53: 30 | GD53: ToxTree, Nestlé Lazar, QSAR ToolBox v 4.4 | GF53: 0.060333333 | GI53: 0.402 | GJ53: 0.754 | GK53: 1.207 | GL53: 3.017 | GM53: ∆log>1 : low reliability | GN53: 0.2 | GO53: 0.375 | GP53: 0.6 | GQ53: 1.5 | GU53: NON-Toxicant | GV53: MODERATE | GW53: NON-Toxicant | GX53: LOW | GY53: Not known precedent reproductive and developmental toxic potential | HE53: Possible NON-active | HF53: GOOD | HG53: Inactive | HH53: GOOD | HI53: NON-active | HJ53: GOOD | HK53: Non binder, without OH or NH2 group | HO53: Inactive | HP53: GOOD | HQ53: Inactive | HR53: GOOD | HU53: Inactive | HV53: GOOD | HW53: Active agonist | HX53: LOW | IA53: Inactive | IB53: [Model ]Unable to perform Applicability Domain check. | IC53: 0.402 | ID53: 0.754 | IE53: 1.207 | IF53: 3.017 | IH53: yes
A54: 57-10-3 | B54: N-00049 | C54: CCCCCCCCCCCCCCCC(O)=O | F54: O=C(O)CCCCCCCCCCCCCCC | I54: Hexadecanoic acid | U54: NON-Mutagenic | W54: Negative | X54: Negative | AJ54: NON-Mutagenic | AK54: 0 | AL54: 1 | AM54: NON-Mutagenic | AN54: GOOD | AO54: NON-Mutagenic | AP54: GOOD | AQ54: NON-Mutagenic | AR54: GOOD | AS54: NON-Mutagenic | AU54: Negative | AW54: Negative | AX54: [No Alerts] | AY54: Negative | AZ54: 0.0228 | BB54: Negative | BC54: 0.015 | BD54: Negative | BE54: 0.0149 | BF54: Negative | BH54: Experimental | BI54: VEGA, Leadscope, | BU54: Inactive | BV54: GOOD | BW54: NON-genotoxic | BX54: GOOD-Both predictions in agreement | BY54: Negative | BZ54: 0.168 | CA54: No alerts for the micronucleus assay (Class II) | CF54: Negative | CG54: 0.0624 | CH54: Negative | CI54: 0.0291 | CW54: Negative | CX54: Negative | CY54: Inactive | CZ54: Negative | DA54: Negative | DB54: Negative | DL54: Positive | DM54: Negative | DN54: Positive | DO54: Negative | DP54: Positive | DS54: 527.218 | DU54: 700.78 | DW54: 240 | DX54: maybe | DY54: 3960 | DZ54: maybe | ED54: 450 | EF54: subchronic | EG54: 450 | EH54: subchronic | EK54: 1125 | EL54: devtox | FA54: 212.11 | FB54: MODERATE | FC54: 482.28083 | FD54: MODERATE | FE54: 30.683154 | FF54: YES | FH54: 551.69621 | FI54: MODERATE | FJ54: 261 | FK54: maybe | FL54: 288 | FM54: 165.69141 | FN54: YES | FP54: 225 | FQ54: EFSA OFT db-exp | FS54: exp | FU54: 2 | FV54: 10 | FW54: 10 | FX54: 1 | FY54: 1 | FZ54: =FU54*FV54*FW54*FX54*FY54 -> 200 | GA54: Low (Class I) | GB54: Low (Class I) | GC54: 30 | GD54: ToxTree, Nestlé Lazar, QSAR ToolBox v 4.4 | GF54: 0.15341577 | IH54: no
A55: 84-74-2 | B55: N-00050 | C55: CCCCOC(C1=CC=CC=C1C(OCCCC)=O)=O | F55: O=C(OCCCC)c1ccccc1(C(=O)OCCCC) | I55: Dibutyl phthalate (DBP) | M55: Negative | U55: NON-Mutagenic | W55: Negative | X55: Negative | Z55: Negative | AD55: Negative, | AF55: Negative, | AJ55: NON-Mutagenic | AK55: 0 | AL55: 1 | AM55: NON-Mutagenic | AN55: GOOD | AO55: NON-Mutagenic | AP55: GOOD | AQ55: NON-Mutagenic | AR55: GOOD | AS55: NON-Mutagenic | AU55: Negative | AW55: Negative | AX55: [No Alerts] | AY55: Negative | AZ55: 0.0697 | BB55: Negative | BC55: 0.0294 | BD55: Negative | BE55: 0.0687 | BF55: Negative | BH55: Experimental | BI55: VEGA, Leadscope, ECHA REACH, ICE | BO55: Negative | BQ55: Negative, | BR55: Negative, | BS55: NON-genotoxic | BU55: Inactive | BV55: MODERATE | BW55: NON-genotoxic | BX55: EXPERIMENTAL-Both predictions in agreement | BY55: Negative | BZ55: 0.347 | CA55: At least one positive structural alerts for the micronucleus assay (Class I) | CF55: Negative | CG55: 0.103 | CH55: Negative | CI55: 0.148 | CL55: Negative | CM55: Inactive | CW55: Negative | CX55: Negative | CY55: Inactive | CZ55: Positive | DA55: Positive | DB55: Not In Domain | DC55: Negative | DD55: Negative | DL55: Negative | DM55: Negative | DN55: Not In Domain | DO55: Positive | DP55: Positive | DS55: 115.601 | DU55: 517.508 | DW55: 589 | DX55: maybe | DY55: 1360 | DZ55: maybe | EI55: 125 | EJ55: subchronic | EN55: 600.80791 | EQ55: 2 | ER55: devtox | EU55: 2 | EV55: devtox | EY55: 2 | EZ55: devtox | FA55: 45.94 | FB55: GOOD | FC55: 108.31784 | FD55: GOOD | FE55: 220.648 | FF55: YES | FH55: 250.72636 | FI55: GOOD | FJ55: 511 | FK55: yes | FL55: 290 | FM55: 685.33041 | FN55: YES | FP55: 0.2 | FQ55: EFSA OFT db-exp | FS55: exp | FU55: 1 | FV55: 10 | FW55: 10 | FX55: 10 | FY55: 1 | FZ55: =FU55*FV55*FW55*FX55*FY55 -> 1000 | GA55: Low (Class I) | GB55: Low (Class I) | GC55: 30 | GD55: ToxTree, Nestlé Lazar, QSAR ToolBox v 4.4 | GE55: 0.01 | GF55: 0.002 | IH55: no
A56: NA | B56: N-00051 | C56: O=C1O[C@H](C(O[C@H](C(O[C@H](C(O[C@H](C(O[C@H](C(O[C@H](C(O[C@H](C(O[C@H](C(O[C@H](C(O[C@H](C(O[C@H]1C)=O)C)=O)C)=O)C)=O)C)=O)C)=O)C)=O)C)=O)C)=O)C)=O)C | F56: O=C1OC(C(=O)OC(C(=O)OC(C(=O)OC(C(=O)OC(C(=O)OC(C(=O)OC(C(=O)OC(C(=O)OC(C(=O)OC(C(=O)OC1C)C)C)C)C)C)C)C)C)C)C | I56: 11LA Cyclic | AJ56: NON-Mutagenic | AK56: 0 | AL56: 0.6 | AM56: NON-Mutagenic | AN56: MODERATE | AO56: NON-Mutagenic | AP56: MODERATE | AQ56: NON-Mutagenic | AR56: MODERATE | AS56: NON-Mutagenic | AT56: MODERATE | AU56: Negative | AW56: Negative | AX56: [No Alerts] | AY56: Negative | AZ56: 0.289 | BB56: Negative | BC56: 0.171 | BD56: Negative | BE56: 0.0767 | BF56: Negative | BG56: Reliable (consensus score > = 0.5) | BH56: Predicted | BI56: VEGA | BU56: Not predicted | BV56: LOW | BW56: NON-genotoxic | BX56: MODERATE-Based only on ONE available prediction | BY56: Positive | BZ56: 0.627 | CA56: At least one positive structural alerts for the micronucleus assay (Class I) | CF56: Negative | CG56: 0.278 | CH56: Positive | CI56: 0.588 | CW56: Not In Domain | CX56: Positive | CY56: Active | CZ56: Not In Domain | DA56: Not In Domain | DB56: Not In Domain | DL56: Positive | DM56: Negative | DN56: Not In Domain | DO56: Not In Domain | DP56: Not In Domain | DS56: 0.052 | DT56: out of AD | DU56: 1078.77 | DV56: out of AD | DX56: no | DZ56: no | FA56: 10204.23 | FB56: LOW | FC56: 620.72609 | FD56: MODERATE | FE56: 122998.55 | FF56: YES | FH56: 256153.33 | FI56: LOW | FK56: no | FL56: 719 | FM56: 356040.99 | FN56: YES | FP56: 71.9 | FQ56: Mazzatorta | FS56: PRED | FU56: 1 | FV56: 10 | FW56: 10 | FX56: 10 | FY56: 3 | FZ56: =FU56*FV56*FW56*FX56*FY56 -> 3000 | GA56: Low (Class I) | GB56: Low (Class I) | GC56: 30 | GD56: ToxTree, Nestlé Lazar, QSAR ToolBox v 4.4 | GF56: 0.23966667 | GI56: Not derived | GJ56: Not derived | GK56: Not derived | GL56: Not derived | GM56: ∆log>2: very low reliability | GN56: 0.2 | GO56: 0.375 | GP56: 0.6 | GQ56: 1.5 | GU56: NON-Toxicant | GV56: LOW | GW56: NON-Toxicant | GX56: LOW | GY56: Not known precedent reproductive and developmental toxic potential | HE56: Possible NON-active | HF56: GOOD | HG56: Inactive | HH56: MODERATE | HI56: NON-active | HJ56: MODERATE | HK56: Non binder, MW>500 | HO56: Inactive | HP56: GOOD | HQ56: Inactive | HR56: GOOD | HU56: Inactive | HV56: GOOD | HW56: Active agonist | HX56: LOW | IA56: Inactive | IB56: [Model ]Unable to perform Applicability Domain check. | IC56: Not derived | ID56: Not derived | IE56: Not derived | IF56: Not derived | IH56: no
A57: 111-02-4 | B57: N-00052 | C57: CC(C)=CCC/C(C)=C/CC/C(C)=C/CC/C=C(CC/C=C(CCC=C(C)C)\C)\C | F57: C(=C(C)C)CCC(=CCCC(=CCCC=C(C)CCC=C(C)CCC=C(C)C)C)C | I57: Squalene | W57: Negative | X57: Negative | Z57: Negative | AF57: Negative, | AJ57: NON-Mutagenic | AK57: 0 | AL57: 0.6 | AM57: NON-Mutagenic | AN57: MODERATE | AO57: Possible NON-Mutagenic | AP57: MODERATE | AQ57: NON-Mutagenic | AR57: MODERATE | AS57: NON-Mutagenic | AT57: MODERATE | AU57: Negative | AW57: Negative | AX57: [No Alerts] | AY57: Negative | AZ57: 0.147 | BB57: Negative | BC57: 0.0482 | BD57: Negative | BE57: 0.0525 | BF57: Negative | BH57: Experimental | BI57: Leadscope, ICE | BS57: NON-genotoxic | BU57: Active | BV57: LOW | BW57: NON-genotoxic | BX57: EXPERIMENTAL-Both predictions in agreement | BY57: Negative | BZ57: 0.256 | CA57: No alerts for the micronucleus assay (Class II) | CF57: Negative | CG57: 0.0855 | CH57: Negative | CI57: 0.0514 | CW57: Not In Domain | CX57: Negative | CY57: Inactive | CZ57: Negative | DA57: Not In Domain | DB57: Not In Domain | DL57: Negative | DM57: Negative | DN57: Not In Domain | DO57: Negative | DP57: Not In Domain | DS57: 568.874 | DU57: 736.738 | DV57: out of AD | DX57: no | DZ57: no | FA57: 47.69 | FB57: LOW | FC57: 475.11638 | FD57: LOW | FE57: 0.58290798 | FF57: YES | FH57: 120.00518 | FI57: LOW | FK57: no | FL57: 47.1 | FM57: 0.62632536 | FN57: YES | FP57: 0.031316268 | FQ57: CORAL LOAEL | FS57: PRED | FU57: 2 | FV57: 10 | FW57: 10 | FX57: 10 | FY57: 3 | FZ57: =FU57*FV57*FW57*FX57*FY57 -> 6000 | GA57: Low (Class I) | GB57: Low (Class I) | GC57: 30 | GD57: ToxTree, Nestlé Lazar, QSAR ToolBox v 4.4 | GF57: 0.0009715133 | GM57: Squalene is present in various foods. The daily intake in meditaranean countries is 200-400 mg/day from olive oil. | GN57: 0.2 | GO57: 0.375 | GP57: 0.6 | GQ57: 1.5 | GR57: Squalene is present in various foods. The daily intake in meditaranean countries is 200-400 mg/day from olive oil. | GU57: NON-Toxicant | GV57: LOW | GW57: NON-Toxicant | GX57: LOW | GY57: Not known precedent reproductive and developmental toxic potential | HE57: NON-active | HF57: GOOD | HG57: Inactive | HH57: LOW | HI57: NON-active | HJ57: MODERATE | HK57: Non binder, non cyclic structure | HL57: Inactive | HM57: Inactive | HO57: Inactive | HP57: EXPERIMENTAL | HQ57: Inactive | HR57: EXPERIMENTAL | HU57: Inactive | HV57: GOOD | HW57: Not predicted | HX57: LOW | IA57: Inactive | IB57: [Model ]Unable to perform Applicability Domain check. | IG57: --> add sentence in remark fields | IH57: no
A58: 124-19-6 | B58: N-00053 | C58: CCCCCCCCC=O | F58: O=CCCCCCCCC | I58: Nonanal | O58: NON-Mutagenic | Q58: NON-Mutagenic | U58: NON-Mutagenic | W58: Negative | X58: Negative | Z58: Negative | AD58: Negative, | AF58: Negative, | AJ58: NON-Mutagenic | AK58: 0 | AL58: 1 | AM58: NON-Mutagenic | AN58: EXPERIMENTAL | AO58: NON-Mutagenic | AQ58: Mutagenic | AR58: LOW | AS58: NON-Mutagenic | AU58: Negative | AW58: Negative | AX58: [No Alerts] | AY58: Negative | AZ58: 0.0597 | BB58: Negative | BC58: 0.0317 | BD58: Negative | BE58: 0.219 | BF58: Negative | BH58: Experimental | BI58: VEGA, Leadscope, ECHA REACH, ICE | BU58: Inactive | BV58: GOOD | BW58: NON-genotoxic | BX58: GOOD-Both predictions in agreement | BY58: Negative | BZ58: 0.294 | CA58: At least one positive structural alerts for the micronucleus assay (Class I) | CF58: Negative | CG58: 0.127 | CH58: Positive | CI58: 0.778 | CW58: Negative | CX58: Negative | CY58: Inactive | CZ58: Negative | DA58: Not In Domain | DB58: Negative | DL58: Positive | DM58: Negative | DN58: Positive | DO58: Negative | DP58: Positive | DS58: 61.833 | DU58: 326.006 | DW58: 6.73 | DX58: maybe | DY58: 444 | DZ58: maybe | EG58: 120 | EH58: subchronic | FA58: 89.46 | FB58: LOW | FC58: 160.73113 | FD58: LOW | FE58: 52.384162 | FF58: YES | FH58: 83.541064 | FI58: LOW | FJ58: 180 | FK58: maybe | FL58: 174 | FM58: 161.9571 | FN58: YES | FP58: 60 | FQ58: EFSA ToolBox-exp | FS58: exp | FU58: 2 | FV58: 10 | FW58: 10 | FX58: 1 | FY58: 3 | FZ58: =FU58*FV58*FW58*FX58*FY58 -> 600 | GA58: Low (Class I) | GB58: Low (Class I) | GC58: 30 | GD58: ToxTree, Nestlé Lazar, QSAR ToolBox v 4.4 | GF58: 0.058 | GI58: 1.333 | GJ58: 2.5 | GK58: 4 | GL58: 10 | GM58: ∆log<1 | GN58: 0.2 | GO58: 0.375 | GP58: 0.6 | GQ58: 1.5 | GU58: NON-Toxicant | GV58: LOW | GW58: NON-Toxicant | GX58: MODERATE | GY58: Not known precedent reproductive and developmental toxic potential | GZ58: NON-active | HB58: NON-active | HE58: NON-active | HF58: EXPERIMENTAL | HG58: Inactive | HH58: MODERATE | HI58: NON-active | HJ58: EXPERIMENTAL | HK58: Non binder, non cyclic structure | HL58: Inactive | HM58: Inactive | HO58: Inactive | HP58: EXPERIMENTAL | HQ58: Inactive | HR58: EXPERIMENTAL | HU58: Inactive | HV58: GOOD | HW58: Not predicted | HX58: LOW | IA58: Inactive | IB58: [Model ]Unable to perform Applicability Domain check. | IC58: 1.333 | ID58: 2.5 | IE58: 4 | IF58: 10 | IH58: yes
A59: 149-57-5 | B59: N-00054 | C59: CCCC[C@H](C(O)=O)CC | F59: O=C(O)C(CC)CCCC | I59: Hexanoic acid, 2-ethyl- | M59: Negative | O59: NON-Mutagenic | Q59: NON-Mutagenic | W59: Negative | X59: Negative | Z59: Negative | AB59: Negative | AD59: Negative, | AF59: Negative, | AJ59: NON-Mutagenic | AK59: 0 | AL59: 1 | AM59: NON-Mutagenic | AN59: EXPERIMENTAL | AO59: NON-Mutagenic | AQ59: NON-Mutagenic | AR59: GOOD | AS59: NON-Mutagenic | AT59: GOOD | AU59: Negative | AW59: Negative | AX59: [No Alerts] | AY59: Negative | AZ59: 0.0746 | BB59: Negative | BC59: 0.0476 | BD59: Negative | BE59: 0.021 | BF59: Negative | BH59: Experimental | BI59: VEGA, Leadscope, ECHA REACH, ICE | BR59: Negative, | BU59: Active | BV59: LOW | BW59: NON-genotoxic | BX59: GOOD-Both predictions in agreement | BY59: Negative | BZ59: 0.266 | CA59: No alerts for the micronucleus assay (Class II) | CF59: Negative | CG59: 0.0568 | CH59: Negative | CI59: 0.0269 | CK59: Positive | CW59: Positive | CX59: Negative | CY59: Inactive | CZ59: Negative | DA59: Negative | DB59: Negative | DC59: Positive | DD59: Positive | DL59: Positive | DM59: Positive | DN59: Positive | DO59: Negative | DP59: Negative | DS59: 231.148 | DU59: 613.47 | DW59: 420 | DX59: maybe | DY59: 557 | DZ59: maybe | EA59: 60.95 | EB59: 2.481 | EK59: 100 | EL59: devtox | EM59: 2.481 | FA59: 127.45 | FC59: 60.95369 | FE59: 35.999793 | FF59: YES | FH59: 302.69134 | FI59: EXPERIMENTAL | FJ59: 198 | FK59: maybe | FL59: 155 | FM59: 105.92537 | FN59: YES | FP59: 25 | FQ59: ECHA-exp | FS59: exp | FU59: 1 | FV59: 10 | FW59: 10 | FX59: 1 | FY59: 1 | FZ59: =FU59*FV59*FW59*FX59*FY59 -> 100 | GA59: Low (Class I) | GB59: Low (Class I) | GC59: 30 | GD59: ToxTree, Nestlé Lazar, QSAR ToolBox v 4.4 | GF59: 0.15134567 | GN59: 0.2 | GO59: 0.375 | GP59: 0.6 | GQ59: 1.5 | GT59: Developmental toxicant (no data on reproductive toxicity) | GU59: NON-Toxicant | GV59: LOW | GW59: Developmental toxicant no data on reproductive toxicity) | GY59: Alpha-alkylcarboxylic acid derivatives (22c);Known precedent reproductive and developmental toxic potential | GZ59: NON-active | HB59: NON-active | HE59: NON-active | HF59: EXPERIMENTAL | HG59: Inactive | HH59: GOOD | HI59: NON-active | HJ59: EXPERIMENTAL | HK59: Non binder, non cyclic structure | HL59: Inactive | HM59: Inactive | HO59: Inactive | HP59: EXPERIMENTAL | HQ59: Inactive | HR59: EXPERIMENTAL | HS59: Inactive | HU59: Inactive | HV59: EXPERIMENTAL | HW59: Inactive | HX59: MODERATE | IA59: Inactive | IB59: [Model ]Unable to perform Applicability Domain check. | IH59: no
A60: 334-48-5 | B60: N-00055 | C60: CCCCCCCCCC(O)=O | F60: O=C(O)CCCCCCCCC | I60: Decanoic acid | O60: NON-Mutagenic | Q60: NON-Mutagenic | U60: NON-Mutagenic | W60: Negative | X60: Negative | Z60: Negative | AD60: Negative, | AF60: Negative, | AJ60: NON-Mutagenic | AK60: 0 | AL60: 1 | AM60: NON-Mutagenic | AN60: EXPERIMENTAL | AO60: NON-Mutagenic | AQ60: NON-Mutagenic | AR60: GOOD | AS60: NON-Mutagenic | AU60: Negative | AW60: Negative | AX60: [No Alerts] | AY60: Negative | AZ60: 0.0237 | BB60: Negative | BC60: 0.0152 | BD60: Negative | BE60: 0.0179 | BF60: Negative | BH60: Experimental | BI60: VEGA, Leadscope, ECHA REACH, ICE | BU60: Inactive | BV60: GOOD | BW60: NON-genotoxic | BX60: GOOD-Both predictions in agreement | BY60: Negative | BZ60: 0.191 | CA60: No alerts for the micronucleus assay (Class II) | CF60: Negative | CG60: 0.093 | CH60: Negative | CI60: 0.0433 | CW60: Negative | CX60: Negative | CY60: Inactive | CZ60: Negative | DA60: Negative | DB60: Negative | DL60: Positive | DM60: Negative | DN60: Positive | DO60: Negative | DP60: Positive | DS60: 220.25 | DU60: 597.424 | DW60: 60.9 | DX60: maybe | DY60: 592 | DZ60: maybe | EK60: 1000 | EL60: devtox | FA60: 155.33 | FB60: MODERATE | FC60: 192.44206 | FD60: MODERATE | FE60: 44.391518 | FF60: YES | FH60: 244.73721 | FI60: MODERATE | FJ60: 185 | FK60: maybe | FL60: 228 | FM60: 173.22078 | FN60: YES | FP60: 1000 | FQ60: ECHA-exp | FS60: exp | FU60: 1 | FV60: 10 | FW60: 10 | FX60: 1 | FY60: 1 | FZ60: =FU60*FV60*FW60*FX60*FY60 -> 100 | GA60: Low (Class I) | GB60: Low (Class I) | GC60: 30 | GD60: ToxTree, Nestlé Lazar, QSAR ToolBox v 4.4 | GF60: 0.1223686 | IH60: no
A61: NA | B61: N-00057 | C61: O=C1O[C@H](C(O[C@H](C(O[C@H](C(O[C@H](C(O[C@H](C(O[C@H](C(O[C@H](C(O[C@H](C(O[C@H](C(O[C@H](C(O[C@H](C(O[C@H]1C)=O)C)=O)C)=O)C)=O)C)=O)C)=O)C)=O)C)=O)C)=O)C)=O)C)=O)C | F61: O=C1OC(C(=O)OC(C(=O)OC(C(=O)OC(C(=O)OC(C(=O)OC(C(=O)OC(C(=O)OC(C(=O)OC(C(=O)OC(C(=O)OC(C(=O)OC1C)C)C)C)C)C)C)C)C)C)C)C | I61: 12LA Cyclic | AJ61: NON-Mutagenic | AK61: 0 | AL61: 0.6 | AM61: NON-Mutagenic | AN61: MODERATE | AO61: NON-Mutagenic | AP61: MODERATE | AQ61: NON-Mutagenic | AR61: MODERATE | AS61: NON-Mutagenic | AT61: MODERATE | AU61: Negative | AW61: Negative | AX61: [No Alerts] | AY61: Negative | AZ61: 0.289 | BB61: Negative | BC61: 0.173 | BD61: Negative | BE61: 0.0764 | BF61: Negative | BG61: Reliable (consensus score > = 0.5) | BH61: Predicted | BI61: VEGA | BU61: Not predicted | BV61: LOW | BW61: NON-genotoxic | BX61: MODERATE-Based only on ONE available prediction | BY61: Positive | BZ61: 0.626 | CA61: At least one positive structural alerts for the micronucleus assay (Class I) | CF61: Negative | CG61: 0.254 | CH61: Positive | CI61: 0.583 | CW61: Not In Domain | CX61: Positive | CY61: Active | CZ61: Not In Domain | DA61: Not In Domain | DB61: Not In Domain | DL61: Positive | DM61: Negative | DN61: Not In Domain | DO61: Not In Domain | DP61: Not In Domain | DS61: 0.044 | DT61: out of AD | DU61: 1222.191 | DV61: out of AD | DX61: no | DZ61: no | FA61: 17121.01 | FB61: LOW | FC61: 772.14702 | FD61: LOW | FE61: 235017.39 | FF61: YES | FH61: 570033 | FI61: LOW | FK61: no | FL61: 901 | FM61: 721605.77 | FN61: YES | FP61: 90.1 | FQ61: Mazzatorta | FS61: PRED | FU61: 1 | FV61: 10 | FW61: 10 | FX61: 10 | FY61: 3 | FZ61: =FU61*FV61*FW61*FX61*FY61 -> 3000 | GA61: Low (Class I) | GB61: Low (Class I) | GC61: 30 | GD61: ToxTree, Nestlé Lazar, QSAR ToolBox v 4.4 | GF61: 0.30033333 | GI61: Not derived | GJ61: Not derived | GK61: Not derived | GL61: Not derived | GM61: ∆log>2: very low reliability | GN61: 0.2 | GO61: 0.375 | GP61: 0.6 | GQ61: 1.5 | GU61: NON-Toxicant | GV61: LOW | GW61: NON-Toxicant | GX61: LOW | GY61: Not known precedent reproductive and developmental toxic potential | HE61: Possible NON-active | HF61: GOOD | HG61: Inactive | HH61: MODERATE | HI61: NON-active | HJ61: MODERATE | HK61: Non binder, MW>500 | HO61: Inactive | HP61: GOOD | HQ61: Inactive | HR61: GOOD | HU61: Inactive | HV61: GOOD | HW61: Active agonist | HX61: LOW | IA61: Inactive | IB61: [Model ]Unable to perform Applicability Domain check. | IC61: Not derived | ID61: Not derived | IE61: Not derived | IF61: Not derived | IH61: no
A62: NA | B62: N-00058 | C62: O=C1O[C@H](C(O[C@H](C(O[C@H](C(O[C@H](C(O[C@H](C(O[C@H](C(O[C@H](C(O[C@H](C(O[C@H](C(O[C@H](C(O[C@H](C(O[C@H](C(O[C@H]1C)=O)C)=O)C)=O)C)=O)C)=O)C)=O)C)=O)C)=O)C)=O)C)=O)C)=O)C)=O)C | F62: O=C1OC(C(=O)OC(C(=O)OC(C(=O)OC(C(=O)OC(C(=O)OC(C(=O)OC(C(=O)OC(C(=O)OC(C(=O)OC(C(=O)OC(C(=O)OC(C(=O)OC1C)C)C)C)C)C)C)C)C)C)C)C)C | I62: 13LA Cyclic | AJ62: NON-Mutagenic | AK62: 0 | AL62: 0.6 | AM62: NON-Mutagenic | AN62: MODERATE | AO62: NON-Mutagenic | AP62: MODERATE | AQ62: NON-Mutagenic | AR62: MODERATE | AS62: NON-Mutagenic | AT62: MODERATE | AU62: Negative | AW62: Negative | AX62: [No Alerts] | AY62: Negative | AZ62: 0.29 | BB62: Negative | BC62: 0.175 | BD62: Negative | BE62: 0.0761 | BF62: Negative | BG62: Reliable (consensus score > = 0.5) | BH62: Predicted | BI62: VEGA | BU62: Not predicted | BV62: LOW | BW62: NON-genotoxic | BX62: MODERATE-Based only on ONE available prediction | BY62: Positive | BZ62: 0.625 | CA62: At least one positive structural alerts for the micronucleus assay (Class I) | CF62: Negative | CG62: 0.232 | CH62: Positive | CI62: 0.578 | CW62: Not In Domain | CX62: Positive | CY62: Active | CZ62: Not In Domain | DA62: Not In Domain | DB62: Not In Domain | DL62: Positive | DM62: Negative | DN62: Not In Domain | DO62: Not In Domain | DP62: Not In Domain | DS62: 0.039 | DT62: out of AD | DU62: 1377.207 | DV62: out of AD | DX62: no | DZ62: no | FA62: 28726.23 | FB62: LOW | FC62: 960.28468 | FD62: LOW | FE62: 449055.48 | FF62: YES | FH62: 1268527.8 | FI62: LOW | FK62: no | FL62: 1130 | FM62: 1462850.7 | FN62: YES | FP62: 113 | FQ62: Mazzatorta | FS62: PRED | FU62: 1 | FV62: 10 | FW62: 10 | FX62: 10 | FY62: 3 | FZ62: =FU62*FV62*FW62*FX62*FY62 -> 3000 | GA62: Low (Class I) | GB62: Low (Class I) | GC62: 30 | GD62: ToxTree, Nestlé Lazar, QSAR ToolBox v 4.4 | GF62: 0.37666667 | GI62: Not derived | GJ62: Not derived | GK62: Not derived | GL62: Not derived | GM62: ∆log>2: very low reliability | GN62: 0.2 | GO62: 0.375 | GP62: 0.6 | GQ62: 1.5 | GU62: NON-Toxicant | GV62: LOW | GW62: NON-Toxicant | GX62: LOW | GY62: Not known precedent reproductive and developmental toxic potential | HE62: Possible NON-active | HF62: GOOD | HG62: Inactive | HH62: MODERATE | HI62: NON-active | HJ62: MODERATE | HK62: Non binder, MW>500 | HO62: Inactive | HP62: GOOD | HQ62: Inactive | HR62: GOOD | HU62: Inactive | HV62: GOOD | HW62: Active agonist | HX62: LOW | IA62: Inactive | IB62: [Model ]Unable to perform Applicability Domain check. | IC62: Not derived | ID62: Not derived | IE62: Not derived | IF62: Not derived | IH62: no
A63: NA | B63: N-00059 | C63: O=C1O[C@H](C(O[C@H](C(O[C@H](C(O[C@H](C(O[C@H](C(O[C@H](C(O[C@H](C(O[C@H](C(O[C@H](C(O[C@H](C(O[C@H](C(O[C@H](C(O[C@H](C(O[C@H]1C)=O)C)=O)C)=O)C)=O)C)=O)C)=O)C)=O)C)=O)C)=O)C)=O)C)=O)C)=O)C)=O)C | F63: O=C1OC(C(=O)OC(C(=O)OC(C(=O)OC(C(=O)OC(C(=O)OC(C(=O)OC(C(=O)OC(C(=O)OC(C(=O)OC(C(=O)OC(C(=O)OC(C(=O)OC(C(=O)OC1C)C)C)C)C)C)C)C)C)C)C)C)C)C | I63: 14LA Cyclic | AJ63: NON-Mutagenic | AK63: 0 | AL63: 0.6 | AM63: NON-Mutagenic | AN63: MODERATE | AO63: NON-Mutagenic | AP63: MODERATE | AQ63: NON-Mutagenic | AR63: MODERATE | AS63: NON-Mutagenic | AT63: MODERATE | AU63: Negative | AW63: Negative | AX63: [No Alerts] | AY63: Negative | AZ63: 0.29 | BB63: Negative | BC63: 0.177 | BD63: Negative | BE63: 0.0759 | BF63: Negative | BG63: Reliable (consensus score > = 0.5) | BH63: Predicted | BI63: VEGA | BU63: Not predicted | BV63: LOW | BW63: NON-genotoxic | BX63: MODERATE-Based only on ONE available prediction | BY63: Positive | BZ63: 0.624 | CA63: At least one positive structural alerts for the micronucleus assay (Class I) | CF63: Negative | CG63: 0.212 | CH63: Positive | CI63: 0.573 | CW63: Not In Domain | CX63: Positive | CY63: Active | CZ63: Not In Domain | DA63: Not In Domain | DB63: Not In Domain | DL63: Positive | DM63: Negative | DN63: Not In Domain | DO63: Not In Domain | DP63: Not In Domain | DS63: 0.036 | DT63: out of AD | DU63: 1536.09 | DV63: out of AD | DX63: no | DZ63: no | FA63: 48197.88 | FB63: LOW | FC63: 1194.5381 | FD63: LOW | FE63: 858025.11 | FF63: YES | FH63: 2822929.3 | FI63: LOW | FK63: no | FL63: 1410 | FM63: 2964831.4 | FN63: YES | FP63: 141 | FQ63: Mazzatorta | FS63: PRED | FU63: 1 | FV63: 10 | FW63: 10 | FX63: 10 | FY63: 3 | FZ63: =FU63*FV63*FW63*FX63*FY63 -> 3000 | GA63: Low (Class I) | GB63: Low (Class I) | GC63: 30 | GD63: ToxTree, Nestlé Lazar, QSAR ToolBox v 4.4 | GF63: 0.47 | GI63: Not derived | GJ63: Not derived | GK63: Not derived | GL63: Not derived | GM63: ∆log>2: very low reliability | GN63: 0.2 | GO63: 0.375 | GP63: 0.6 | GQ63: 1.5 | GU63: NON-Toxicant | GV63: LOW | GW63: NON-Toxicant | GX63: LOW | GY63: Not known precedent reproductive and developmental toxic potential | HE63: Possible NON-active | HF63: GOOD | HG63: Inactive | HH63: MODERATE | HI63: NON-active | HJ63: MODERATE | HK63: Non binder, MW>500 | HO63: Inactive | HP63: GOOD | HQ63: Inactive | HR63: GOOD | HU63: Inactive | HV63: GOOD | HW63: Active agonist | HX63: LOW | IA63: Inactive | IB63: [Model ]Unable to perform Applicability Domain check. | IC63: Not derived | ID63: Not derived | IE63: Not derived | IF63: Not derived | IH63: no
A64: NA | B64: N-00060 | C64: O=C1OC(C(OC(C(OC(C(OC(C(OC(C(OC(C(OC(C(OC(C(OC(C(OC(C(OC(C(OC(C(OC(C(OC(C(OC1C)=O)C)=O)C)=O)C)=O)C)=O)C)=O)C)=O)C)=O)C)=O)C)=O)C)=O)C)=O)C)=O)C)=O)C | F64: O=C1OC(C(=O)OC(C(=O)OC(C(=O)OC(C(=O)OC(C(=O)OC(C(=O)OC(C(=O)OC(C(=O)OC(C(=O)OC(C(=O)OC(C(=O)OC(C(=O)OC(C(=O)OC(C(=O)OC1C)C)C)C)C)C)C)C)C)C)C)C)C)C)C | I64: 15LA Cyclic | AJ64: NON-Mutagenic | AK64: 0 | AL64: 0.5 | AM64: NON-Mutagenic | AN64: LOW | AO64: NON-Mutagenic | AP64: MODERATE | AQ64: NON-Mutagenic | AR64: MODERATE | AS64: NON-Mutagenic | AT64: MODERATE | AU64: Negative | AW64: Negative | AX64: [No Alerts] | AY64: Negative | AZ64: 0.29 | BB64: Negative | BC64: 0.178 | BD64: Negative | BE64: 0.0756 | BF64: Negative | BG64: Reliable (consensus score > = 0.5) | BH64: Predicted | BI64: VEGA | BU64: Not predicted | BV64: LOW | BW64: NON-genotoxic | BX64: MODERATE-Based only on ONE available prediction | BY64: Positive | BZ64: 0.624 | CA64: At least one positive structural alerts for the micronucleus assay (Class I) | CF64: Negative | CG64: 0.192 | CH64: Positive | CI64: 0.568 | CW64: Not In Domain | CX64: Positive | CY64: Active | CZ64: Not In Domain | DA64: Not In Domain | DB64: Not In Domain | DL64: Positive | DM64: Negative | DN64: Not In Domain | DO64: Not In Domain | DP64: Not In Domain | DS64: 0.033 | DT64: out of AD | DU64: 1696.068 | DV64: out of AD | DX64: no | DZ64: no | FA64: 80868.1 | FB64: LOW | FC64: 1485.5935 | FD64: LOW | FE64: 1639456.9 | FF64: YES | FH64: 6282029.9 | FI64: LOW | FK64: no | FL64: 1750 | FM64: 6010353.3 | FN64: YES | FP64: 175 | FQ64: Mazzatorta | FS64: PRED | FU64: 1 | FV64: 10 | FW64: 10 | FX64: 10 | FY64: 3 | FZ64: =FU64*FV64*FW64*FX64*FY64 -> 3000 | GA64: Low (Class I) | GB64: Low (Class I) | GC64: 30 | GD64: ToxTree, Nestlé Lazar, QSAR ToolBox v 4.4 | GF64: 0.58333333 | GI64: Not derived | GJ64: Not derived | GK64: Not derived | GL64: Not derived | GM64: ∆log>2: very low reliability | GN64: 0.2 | GO64: 0.375 | GP64: 0.6 | GQ64: 1.5 | GU64: NON-Toxicant | GV64: LOW | GW64: NON-Toxicant | GX64: LOW | GY64: Not known precedent reproductive and developmental toxic potential | HE64: Possible NON-active | HF64: GOOD | HG64: Inactive | HH64: MODERATE | HI64: NON-active | HJ64: MODERATE | HK64: Non binder, MW>500 | HO64: Inactive | HP64: GOOD | HQ64: Inactive | HR64: GOOD | HU64: Inactive | HV64: GOOD | HW64: Active agonist | HX64: LOW | IA64: Inactive | IB64: [Model ]Unable to perform Applicability Domain check. | IC64: Not derived | ID64: Not derived | IE64: Not derived | IF64: Not derived | IH64: no
A65: NA | B65: N-00061 | C65: O=C1OC(C(OC(C(OC(C(OC(C(OC(C(OC(C(OC(C(OC(C(OC(C(OC(C(OC(C(OC(C(OC(C(OC(C(OC(C(OC1C)=O)C)=O)C)=O)C)=O)C)=O)C)=O)C)=O)C)=O)C)=O)C)=O)C)=O)C)=O)C)=O)C)=O)C)=O)C | F65: O=C1OC(C(=O)OC(C(=O)OC(C(=O)OC(C(=O)OC(C(=O)OC(C(=O)OC(C(=O)OC(C(=O)OC(C(=O)OC(C(=O)OC(C(=O)OC(C(=O)OC(C(=O)OC(C(=O)OC(C(=O)OC1C)C)C)C)C)C)C)C)C)C)C)C)C)C)C)C | I65: 16LA Cyclic | AJ65: NON-Mutagenic | AK65: 0 | AL65: 0.5 | AM65: NON-Mutagenic | AN65: LOW | AO65: NON-Mutagenic | AP65: MODERATE | AQ65: NON-Mutagenic | AR65: MODERATE | AS65: NON-Mutagenic | AT65: MODERATE | AU65: Negative | AW65: Negative | AX65: [No Alerts] | AY65: Negative | AZ65: 0.291 | BB65: Negative | BC65: 0.18 | BD65: Negative | BE65: 0.0753 | BF65: Negative | BG65: Reliable (consensus score > = 0.5) | BH65: Predicted | BI65: VEGA | BU65: Not predicted | BV65: LOW | BW65: NON-genotoxic | BX65: MODERATE-Based only on ONE available prediction | BY65: Positive | BZ65: 0.623 | CA65: At least one positive structural alerts for the micronucleus assay (Class I) | CF65: Negative | CG65: 0.174 | CH65: Positive | CI65: 0.562 | CW65: Not In Domain | CX65: Positive | CY65: Active | CZ65: Not In Domain | DA65: Not In Domain | DB65: Not In Domain | DL65: Positive | DM65: Negative | DN65: Not In Domain | DO65: Not In Domain | DP65: Not In Domain | DS65: 0.032 | DT65: out of AD | DU65: 1853.037 | DV65: out of AD | DX65: no | DZ65: no | FA65: 135683.33 | FB65: LOW | FC65: 1847.9916 | FD65: LOW | FE65: 3132564.3 | FF65: YES | FH65: 13979769 | FI65: LOW | FK65: no | FL65: 2190 | FM65: 12181478 | FN65: YES | FP65: 219 | FQ65: Mazzatorta | FS65: PRED | FU65: 1 | FV65: 10 | FW65: 10 | FX65: 10 | FY65: 3 | FZ65: =FU65*FV65*FW65*FX65*FY65 -> 3000 | GA65: Low (Class I) | GB65: Low (Class I) | GC65: 30 | GD65: ToxTree, Nestlé Lazar, QSAR ToolBox v 4.4 | GF65: 0.73 | GI65: Not derived | GJ65: Not derived | GK65: Not derived | GL65: Not derived | GM65: ∆log>2: very low reliability | GN65: 0.2 | GO65: 0.375 | GP65: 0.6 | GQ65: 1.5 | GU65: NON-Toxicant | GV65: LOW | GW65: NON-Toxicant | GX65: LOW | GY65: Not known precedent reproductive and developmental toxic potential | HE65: Possible NON-active | HF65: GOOD | HG65: Inactive | HH65: MODERATE | HI65: NON-active | HJ65: MODERATE | HK65: Non binder, MW>500 | HO65: Inactive | HP65: GOOD | HQ65: Inactive | HR65: GOOD | HU65: Inactive | HV65: GOOD | HW65: Active agonist | HX65: LOW | IA65: Inactive | IB65: [Model ]Unable to perform Applicability Domain check. | IC65: Not derived | ID65: Not derived | IE65: Not derived | IF65: Not derived | IH65: no
A66: NA | B66: N-00062 | C66: O[C@H](C(O[C@H](C(O)=O)C)=O)C | F66: O=C(O)C(OC(=O)C(O)C)C | I66: 2LA Linear | AJ66: NON-Mutagenic | AK66: 0.15 | AL66: 0.45 | AM66: NON-Mutagenic | AN66: MODERATE | AO66: NON-Mutagenic | AP66: MODERATE | AQ66: NON-Mutagenic | AR66: MODERATE | AS66: Mutagenic | AT66: MODERATE | AU66: Negative | AW66: Negative | AX66: [No Alerts] | AY66: Negative | AZ66: 0.117 | BB66: Negative | BC66: 0.0625 | BD66: Negative | BE66: 0.0392 | BF66: Negative | BG66: Low (consensus score <0.0.5) | BH66: Predicted | BI66: VEGA | BU66: Not predicted | BV66: LOW | BW66: NON-genotoxic | BX66: MODERATE-Both predictions in agreement | BY66: Negative | BZ66: 0.443 | CA66: At least one positive structural alerts for the micronucleus assay (Class I) | CF66: Positive | CG66: 0.546 | CH66: Positive | CI66: 0.869 | CW66: Negative | CX66: Negative | CY66: Inactive | CZ66: Not In Domain | DA66: Not In Domain | DB66: Not In Domain | DL66: Positive | DM66: Positive | DN66: Not In Domain | DO66: Not In Domain | DP66: Not In Domain | DS66: 22.738 | DU66: 614.493 | DX66: no | DZ66: no | FA66: 298.7 | FB66: MODERATE | FC66: 83.733646 | FD66: MODERATE | FE66: 117.6251 | FF66: YES | FH66: 247.74221 | FI66: MODERATE | FK66: no | FL66: 197 | FM66: 398.56577 | FN66: YES | FP66: 19.7 | FQ66: Mazzatorta | FS66: PRED | FU66: 1 | FV66: 10 | FW66: 10 | FX66: 10 | FY66: 3 | FZ66: =FU66*FV66*FW66*FX66*FY66 -> 3000 | GA66: Low (Class I) | GB66: Low (Class I) | GC66: 30 | GD66: ToxTree, Nestlé Lazar, QSAR ToolBox v 4.4 | GF66: 0.065666667 | GI66: 0.438 | GJ66: 0.821 | GK66: 1.313 | GL66: 3.283 | GM66: ∆log<1 | GN66: 0.2 | GO66: 0.375 | GP66: 0.6 | GQ66: 1.5 | GU66: NON-Toxicant | GV66: GOOD | GW66: Toxicant | GX66: MODERATE | GY66: Not known precedent reproductive and developmental toxic potential | HE66: Possible NON-active | HF66: GOOD | HG66: Inactive | HH66: MODERATE | HI66: NON-active | HJ66: GOOD | HK66: Non binder, non cyclic structure | HO66: Inactive | HP66: GOOD | HQ66: Inactive | HR66: GOOD | HU66: Inactive | HV66: GOOD | HW66: Active agonist | HX66: LOW | IA66: Inactive | IB66: [Model ]Unable to perform Applicability Domain check. | IC66: 0.438 | ID66: 0.821 | IE66: 1.313 | IF66: 3.283 | IH66: yes
A67: NA | B67: N-00063 | C67: OC([C@H](OC([C@H](OC([C@H](O)C)=O)C)=O)C)=O | F67: O=C(O)C(OC(=O)C(OC(=O)C(O)C)C)C | I67: 3LA Linear | AJ67: NON-Mutagenic | AK67: 0.05 | AL67: 0.35 | AM67: NON-Mutagenic | AN67: LOW | AO67: NON-Mutagenic | AP67: MODERATE | AQ67: NON-Mutagenic | AR67: MODERATE | AS67: Mutagenic | AT67: LOW | AU67: Negative | AW67: Negative | AX67: [No Alerts] | AY67: Negative | AZ67: 0.116 | BB67: Negative | BC67: 0.0645 | BD67: Negative | BE67: 0.0393 | BF67: Negative | BG67: Low (consensus score <0.0.5) | BH67: Predicted | BI67: VEGA | BU67: Not predicted | BV67: LOW | BW67: NON-genotoxic | BX67: MODERATE-Both predictions in agreement | BY67: Negative | BZ67: 0.439 | CA67: At least one positive structural alerts for the micronucleus assay (Class I) | CF67: Positive | CG67: 0.757 | CH67: Positive | CI67: 0.863 | CW67: Negative | CX67: Negative | CY67: Inactive | CZ67: Not In Domain | DA67: Not In Domain | DB67: Not In Domain | DL67: Positive | DM67: Negative | DN67: Not In Domain | DO67: Not In Domain | DP67: Not In Domain | DS67: 7.388 | DT67: out of AD | DU67: 764.189 | DX67: no | DZ67: no | FA67: 501.17 | FB67: MODERATE | FC67: 90.469044 | FD67: MODERATE | FE67: 224.75016 | FF67: YES | FH67: 1316.7399 | FI67: MODERATE | FK67: no | FL67: 349 | FM67: 807.97886 | FN67: YES | FP67: 34.9 | FQ67: Mazzatorta | FS67: PRED | FU67: 1 | FV67: 10 | FW67: 10 | FX67: 10 | FY67: 3 | FZ67: =FU67*FV67*FW67*FX67*FY67 -> 3000 | GA67: Low (Class I) | GB67: Low (Class I) | GC67: 30 | GD67: ToxTree, Nestlé Lazar, QSAR ToolBox v 4.4 | GF67: 0.11633333 | GI67: 0.776 | GJ67: 1.454 | GK67: 2.327 | GL67: 5.817 | GM67: ∆log<1 | GN67: 0.2 | GO67: 0.375 | GP67: 0.6 | GQ67: 1.5 | GU67: NON-Toxicant | GV67: GOOD | GW67: Toxicant | GX67: MODERATE | GY67: Not known precedent reproductive and developmental toxic potential | HE67: Possible NON-active | HF67: GOOD | HG67: Inactive | HH67: GOOD | HI67: NON-active | HJ67: GOOD | HK67: Non binder, non cyclic structure | HO67: Inactive | HP67: GOOD | HQ67: Inactive | HR67: GOOD | HU67: Inactive | HV67: GOOD | HW67: Active agonist | HX67: GOOD | IA67: Inactive | IB67: [Model ]Unable to perform Applicability Domain check. | IC67: 0.776 | ID67: 1.454 | IE67: 2.327 | IF67: 5.817 | IH67: yes
A68: NA | B68: N-00064 | C68: C[C@H](C(O)=O)OC([C@H](OC([C@H](OC([C@H](O)C)=O)C)=O)C)=O | F68: O=C(O)C(OC(=O)C(OC(=O)C(OC(=O)C(O)C)C)C)C | I68: 4LA Linear | AJ68: NON-Mutagenic | AK68: 0 | AL68: 0.5 | AM68: NON-Mutagenic | AN68: MODERATE | AO68: NON-Mutagenic | AP68: MODERATE | AQ68: NON-Mutagenic | AR68: MODERATE | AS68: NON-Mutagenic | AT68: LOW | AU68: Negative | AW68: Negative | AX68: [No Alerts] | AY68: Negative | AZ68: 0.115 | BB68: Negative | BC68: 0.0665 | BD68: Negative | BE68: 0.0395 | BF68: Negative | BG68: Reliable (consensus score > = 0.5) | BH68: Predicted | BI68: VEGA | BU68: Not predicted | BV68: LOW | BW68: NON-genotoxic | BX68: MODERATE-Based only on ONE available prediction | BY68: Negative | BZ68: 0.436 | CA68: At least one positive structural alerts for the micronucleus assay (Class I) | CF68: Positive | CG68: 0.724 | CH68: Positive | CI68: 0.858 | CW68: Negative | CX68: Positive | CY68: Inactive | CZ68: Not In Domain | DA68: Not In Domain | DB68: Not In Domain | DL68: Positive | DM68: Negative | DN68: Not In Domain | DO68: Not In Domain | DP68: Not In Domain | DS68: 2.608 | DT68: out of AD | DU68: 864.842 | DV68: out of AD | DX68: no | DZ68: no | FA68: 840.87 | FB68: MODERATE | FC68: 107.32478 | FD68: MODERATE | FE68: 429.43753 | FF68: YES | FH68: 3088.8726 | FI68: MODERATE | FK68: no | FL68: 620 | FM68: 1637.9476 | FN68: YES | FP68: 62 | FQ68: Mazzatorta | FS68: PRED | FU68: 1 | FV68: 10 | FW68: 10 | FX68: 10 | FY68: 3 | FZ68: =FU68*FV68*FW68*FX68*FY68 -> 3000 | GA68: Low (Class I) | GB68: Low (Class I) | GC68: 30 | GD68: ToxTree, Nestlé Lazar, QSAR ToolBox v 4.4 | GF68: 0.17887463 | GI68: 1.378 | GJ68: 2.583 | GK68: 4.133 | GL68: 10.333 | GM68: ∆log<1 | GN68: 0.2 | GO68: 0.375 | GP68: 0.6 | GQ68: 1.5 | GU68: NON-Toxicant | GV68: GOOD | GW68: NON-Toxicant | GX68: LOW | GY68: Not known precedent reproductive and developmental toxic potential | HE68: Possible NON-active | HF68: GOOD | HG68: Inactive | HH68: GOOD | HI68: NON-active | HJ68: GOOD | HK68: Non binder, non cyclic structure | HO68: Inactive | HP68: GOOD | HQ68: Inactive | HR68: GOOD | HU68: Inactive | HV68: GOOD | HW68: Active agonist | HX68: LOW | IA68: Inactive | IB68: [Model ]Unable to perform Applicability Domain check. | IC68: 1.378 | ID68: 2.583 | IE68: 4.133 | IF68: 10.333 | IH68: yes
A69: NA | B69: N-00065 | C69: C[C@H](C(O)=O)OC([C@H](OC([C@H](OC([C@H](OC([C@H](O)C)=O)C)=O)C)=O)C)=O | F69: O=C(O)C(OC(=O)C(OC(=O)C(OC(=O)C(OC(=O)C(O)C)C)C)C)C | I69: 5LA Linear | AJ69: NON-Mutagenic | AK69: 0 | AL69: 0.5 | AM69: NON-Mutagenic | AN69: MODERATE | AO69: NON-Mutagenic | AP69: MODERATE | AQ69: NON-Mutagenic | AR69: MODERATE | AS69: NON-Mutagenic | AT69: LOW | AU69: Negative | AW69: Negative | AX69: [No Alerts] | AY69: Negative | AZ69: 0.114 | BB69: Negative | BC69: 0.0686 | BD69: Negative | BE69: 0.0397 | BF69: Negative | BG69: Reliable (consensus score > = 0.5) | BH69: Predicted | BI69: VEGA | BU69: Not predicted | BV69: LOW | BW69: NON-genotoxic | BX69: MODERATE-Based only on ONE available prediction | BY69: Negative | BZ69: 0.438 | CA69: At least one positive structural alerts for the micronucleus assay (Class I) | CF69: Positive | CG69: 0.688 | CH69: Positive | CI69: 0.853 | CW69: Negative | CX69: Negative | CY69: Inactive | CZ69: Not In Domain | DA69: Not In Domain | DB69: Not In Domain | DL69: Positive | DM69: Negative | DN69: Not In Domain | DO69: Not In Domain | DP69: Not In Domain | DS69: 1.102 | DT69: out of AD | DU69: 917.482 | DV69: out of AD | DX69: no | DZ69: no | FA69: 1410.85 | FB69: MODERATE | FC69: 127.32099 | FD69: MODERATE | FE69: 820.54046 | FF69: YES | FH69: 7247.6965 | FI69: MODERATE | FK69: no | FL69: 1110 | FM69: 3319.7089 | FN69: YES | FP69: 111 | FQ69: Mazzatorta | FS69: PRED | FU69: 1 | FV69: 10 | FW69: 10 | FX69: 10 | FY69: 3 | FZ69: =FU69*FV69*FW69*FX69*FY69 -> 3000 | GA69: Low (Class I) | GB69: Low (Class I) | GC69: 30 | GD69: ToxTree, Nestlé Lazar, QSAR ToolBox v 4.4 | GF69: 0.21220165 | GI69: 2.467 | GJ69: 4.625 | GK69: 7.4 | GL69: 18.5 | GM69: ∆log<1 | GN69: 0.2 | GO69: 0.375 | GP69: 0.6 | GQ69: 1.5 | GU69: NON-Toxicant | GV69: MODERATE | GW69: NON-Toxicant | GX69: LOW | GY69: Not known precedent reproductive and developmental toxic potential | HE69: Possible NON-active | HF69: GOOD | HG69: Inactive | HH69: MODERATE | HI69: NON-active | HJ69: GOOD | HK69: Non binder, non cyclic structure | HO69: Inactive | HP69: GOOD | HQ69: Inactive | HR69: GOOD | HU69: Inactive | HV69: GOOD | HW69: Active agonist | HX69: LOW | IA69: Inactive | IB69: [Model ]Unable to perform Applicability Domain check. | IC69: 2.467 | ID69: 4.625 | IE69: 7.4 | IF69: 18.5 | IH69: yes
A70: NA | B70: N-00066 | C70: C[C@H](C(O[C@H](C(O)=O)C)=O)OC([C@H](OC([C@H](OC([C@H](OC([C@H](O)C)=O)C)=O)C)=O)C)=O | F70: O=C(O)C(OC(=O)C(OC(=O)C(OC(=O)C(OC(=O)C(OC(=O)C(O)C)C)C)C)C)C | I70: 6LA Linear | AJ70: NON-Mutagenic | AK70: 0 | AL70: 0.5 | AM70: NON-Mutagenic | AN70: MODERATE | AO70: NON-Mutagenic | AP70: MODERATE | AQ70: NON-Mutagenic | AR70: MODERATE | AS70: NON-Mutagenic | AT70: LOW | AU70: Negative | AW70: Negative | AX70: [No Alerts] | AY70: Negative | AZ70: 0.113 | BB70: Negative | BC70: 0.0707 | BD70: Negative | BE70: 0.0399 | BF70: Negative | BG70: Reliable (consensus score > = 0.5) | BH70: Predicted | BI70: VEGA | BU70: Not predicted | BV70: LOW | BW70: NON-genotoxic | BX70: MODERATE-Based only on ONE available prediction | BY70: Negative | BZ70: 0.435 | CA70: At least one positive structural alerts for the micronucleus assay (Class I) | CF70: Positive | CG70: 0.649 | CH70: Positive | CI70: 0.847 | CW70: Negative | CX70: Positive | CY70: Active | CZ70: Not In Domain | DA70: Not In Domain | DB70: Not In Domain | DL70: Positive | DM70: Negative | DN70: Not In Domain | DO70: Not In Domain | DP70: Not In Domain | DS70: 0.551 | DT70: out of AD | DU70: 963.048 | DV70: out of AD | DX70: no | DZ70: no | FA70: 2367.17 | FB70: MODERATE | FC70: 151.04279 | FD70: MODERATE | FE70: 1567.8337 | FF70: YES | FH70: 17002 | FI70: LOW | FK70: no | FL70: 1970 | FM70: 6729.7666 | FN70: YES | FP70: 197 | FQ70: Mazzatorta | FS70: PRED | FU70: 1 | FV70: 10 | FW70: 10 | FX70: 10 | FY70: 3 | FZ70: =FU70*FV70*FW70*FX70*FY70 -> 3000 | GA70: High (Class III) | GB70: High (Class III) | GC70: 1.5 | GD70: ToxTree, Nestlé Lazar, QSAR ToolBox v 4.4 | GF70: 0.25173798 | GI70: 4.378 | GJ70: 8.208 | GK70: 13.133 | GL70: 32.833 | GM70: ∆log<1 | GN70: 0.01 | GO70: 0.01875 | GP70: 0.03 | GQ70: 0.075 | GU70: NON-Toxicant | GV70: LOW | GW70: NON-Toxicant | GX70: LOW | GY70: Not known precedent reproductive and developmental toxic potential | HE70: Possible NON-active | HF70: GOOD | HG70: Inactive | HH70: MODERATE | HI70: NON-active | HJ70: MODERATE | HK70: Non binder, non cyclic structure | HO70: Inactive | HP70: GOOD | HQ70: Inactive | HR70: GOOD | HU70: Inactive | HV70: GOOD | HW70: Active agonist | HX70: LOW | IA70: Inactive | IB70: [Model ]Unable to perform Applicability Domain check. | IC70: 4.378 | ID70: 8.208 | IE70: 13.133 | IF70: 32.833 | IH70: yes
A71: NA | B71: N-00067 | C71: C[C@H](C(O[C@H](C(O)=O)C)=O)OC([C@H](OC([C@H](OC([C@H](OC([C@H](OC([C@H](O)C)=O)C)=O)C)=O)C)=O)C)=O | F71: O=C(O)C(OC(=O)C(OC(=O)C(OC(=O)C(OC(=O)C(OC(=O)C(OC(=O)C(O)C)C)C)C)C)C)C | I71: 7LA Linear | AJ71: NON-Mutagenic | AK71: 0 | AL71: 0.6 | AM71: NON-Mutagenic | AN71: MODERATE | AO71: NON-Mutagenic | AP71: MODERATE | AQ71: NON-Mutagenic | AR71: MODERATE | AS71: NON-Mutagenic | AT71: MODERATE | AU71: Negative | AW71: Negative | AX71: [No Alerts] | AY71: Negative | AZ71: 0.112 | BB71: Negative | BC71: 0.073 | BD71: Negative | BE71: 0.04 | BF71: Negative | BG71: Reliable (consensus score > = 0.5) | BH71: Predicted | BI71: VEGA | BU71: Not predicted | BV71: LOW | BW71: NON-genotoxic | BX71: MODERATE-Based only on ONE available prediction | BY71: Negative | BZ71: 0.438 | CA71: At least one positive structural alerts for the micronucleus assay (Class I) | CF71: Positive | CG71: 0.608 | CH71: Positive | CI71: 0.841 | CW71: Negative | CX71: Positive | CY71: Active | CZ71: Not In Domain | DA71: Not In Domain | DB71: Not In Domain | DL71: Positive | DM71: Negative | DN71: Not In Domain | DO71: Not In Domain | DP71: Not In Domain | DS71: 0.317 | DT71: out of AD | DU71: 1037.316 | DV71: out of AD | DX71: no | DZ71: no | FA71: 3971.72 | FB71: MODERATE | FC71: 179.18432 | FD71: MODERATE | FE71: 2995.7116 | FF71: YES | FH71: 39893.303 | FI71: LOW | FK71: no | FL71: 3510 | FM71: 13639.549 | FN71: YES | FP71: 351 | FQ71: Mazzatorta | FS71: PRED | FU71: 1 | FV71: 10 | FW71: 10 | FX71: 10 | FY71: 3 | FZ71: =FU71*FV71*FW71*FX71*FY71 -> 3000 | GA71: High (Class III) | GB71: High (Class III) | GC71: 1.5 | GD71: ToxTree, Nestlé Lazar, QSAR ToolBox v 4.4 | GF71: 0.29864053 | GI71: 7.8 | GJ71: 14.625 | GK71: 23.4 | GL71: 58.5 | GM71: ∆log<1 | GN71: 0.01 | GO71: 0.01875 | GP71: 0.03 | GQ71: 0.075 | GU71: NON-Toxicant | GV71: LOW | GW71: NON-Toxicant | GX71: LOW | GY71: Not known precedent reproductive and developmental toxic potential | HE71: Possible NON-active | HF71: GOOD | HG71: Inactive | HH71: MODERATE | HI71: NON-active | HJ71: MODERATE | HK71: Non binder, MW>500 | HO71: Inactive | HP71: GOOD | HQ71: Inactive | HR71: GOOD | HU71: Inactive | HV71: MODERATE | HW71: Active agonist | HX71: LOW | IA71: Inactive | IB71: [Model ]Unable to perform Applicability Domain check. | IC71: 7.8 | ID71: 14.625 | IE71: 23.4 | IF71: 58.5 | IH71: yes
A72: NA | B72: N-00068 | C72: CC(C(OC(C(OC(C(O)=O)C)=O)C)=O)OC(C(OC(C(OC(C(OC(C(OC(C(O)C)=O)C)=O)C)=O)C)=O)C)=O | F72: O=C(O)C(OC(=O)C(OC(=O)C(OC(=O)C(OC(=O)C(OC(=O)C(OC(=O)C(OC(=O)C(O)C)C)C)C)C)C)C)C | I72: 8LA Linear | AJ72: NON-Mutagenic | AK72: 0 | AL72: 0.6 | AM72: NON-Mutagenic | AN72: MODERATE | AO72: NON-Mutagenic | AP72: MODERATE | AQ72: NON-Mutagenic | AR72: MODERATE | AS72: NON-Mutagenic | AT72: MODERATE | AU72: Negative | AW72: Negative | AX72: [No Alerts] | AY72: Negative | AZ72: 0.111 | BB72: Negative | BC72: 0.0752 | BD72: Negative | BE72: 0.0402 | BF72: Negative | BG72: Reliable (consensus score > = 0.5) | BH72: Predicted | BI72: VEGA | BU72: Not predicted | BV72: LOW | BW72: NON-genotoxic | BX72: MODERATE-Based only on ONE available prediction | BY72: Negative | BZ72: 0.434 | CA72: At least one positive structural alerts for the micronucleus assay (Class I) | CF72: Positive | CG72: 0.566 | CH72: Positive | CI72: 0.835 | CW72: Negative | CX72: Positive | CY72: Active | CZ72: Not In Domain | DA72: Not In Domain | DB72: Not In Domain | DL72: Positive | DM72: Negative | DN72: Not In Domain | DO72: Not In Domain | DP72: Not In Domain | DS72: 0.203 | DT72: out of AD | DU72: 1154.381 | DV72: out of AD | DX72: no | DZ72: no | FA72: 6663.9 | FB72: MODERATE | FC72: 212.56903 | FD72: MODERATE | FE72: 5724.0049 | FF72: YES | FH72: 93583.654 | FI72: LOW | FK72: no | FL72: 6250 | FM72: 27650.31 | FN72: YES | FP72: 625 | FQ72: Mazzatorta | FS72: PRED | FU72: 1 | FV72: 10 | FW72: 10 | FX72: 10 | FY72: 3 | FZ72: =FU72*FV72*FW72*FX72*FY72 -> 3000 | GA72: High (Class III) | GB72: High (Class III) | GC72: 1.5 | GD72: ToxTree, Nestlé Lazar, QSAR ToolBox v 4.4 | GF72: 0.35428172 | GI72: 13.889 | GJ72: 26.042 | GK72: 41.667 | GL72: 104.167 | GM72: ∆log<1 | GN72: 0.01 | GO72: 0.01875 | GP72: 0.03 | GQ72: 0.075 | GU72: NON-Toxicant | GV72: LOW | GW72: NON-Toxicant | GX72: LOW | GY72: Not known precedent reproductive and developmental toxic potential | HE72: Possible NON-active | HF72: GOOD | HG72: Inactive | HH72: MODERATE | HI72: NON-active | HJ72: MODERATE | HK72: Non binder, MW>500 | HO72: Inactive | HP72: GOOD | HQ72: Inactive | HR72: GOOD | HU72: Inactive | HV72: MODERATE | HW72: Active agonist | HX72: LOW | IA72: Inactive | IB72: [Model ]Unable to perform Applicability Domain check. | IC72: 13.889 | ID72: 26.042 | IE72: 41.667 | IF72: 104.167 | IH72: yes
A73: NA | B73: N-00069 | C73: C[C@H](C(O[C@H](C(O[C@H](C(O)=O)C)=O)C)=O)OC([C@H](OC([C@H](OC([C@H](OC([C@H](OC([C@H](OC([C@H](O)C)=O)C)=O)C)=O)C)=O)C)=O)C)=O | F73: O=C(O)C(OC(=O)C(OC(=O)C(OC(=O)C(OC(=O)C(OC(=O)C(OC(=O)C(OC(=O)C(OC(=O)C(O)C)C)C)C)C)C)C)C)C | I73: 9LA Linear | AJ73: NON-Mutagenic | AK73: 0 | AL73: 0.6 | AM73: NON-Mutagenic | AN73: MODERATE | AO73: NON-Mutagenic | AP73: MODERATE | AQ73: NON-Mutagenic | AR73: MODERATE | AS73: NON-Mutagenic | AT73: MODERATE | AU73: Negative | AW73: Negative | AX73: [No Alerts] | AY73: Negative | AZ73: 0.111 | BB73: Negative | BC73: 0.0776 | BD73: Negative | BE73: 0.0404 | BF73: Negative | BG73: Reliable (consensus score > = 0.5) | BH73: Predicted | BI73: VEGA | BU73: Not predicted | BV73: LOW | BW73: NON-genotoxic | BX73: MODERATE-Based only on ONE available prediction | BY73: Negative | BZ73: 0.43 | CA73: At least one positive structural alerts for the micronucleus assay (Class I) | CF73: Positive | CG73: 0.523 | CH73: Positive | CI73: 0.829 | CW73: Negative | CX73: Positive | CY73: Active | CZ73: Not In Domain | DA73: Not In Domain | DB73: Not In Domain | DL73: Positive | DM73: Negative | DN73: Not In Domain | DO73: Not In Domain | DP73: Not In Domain | DS73: 0.142 | DT73: out of AD | DU73: 1312.931 | DV73: out of AD | DX73: no | DZ73: no | FA73: 11180.92 | FB73: MODERATE | FC73: 252.17382 | FD73: MODERATE | FE73: 10937.045 | FF73: YES | FH73: 219583.65 | FI73: LOW | FK73: no | FL73: 11100 | FM73: 56040.242 | FN73: YES | FP73: 1110 | FQ73: Mazzatorta | FS73: PRED | FU73: 1 | FV73: 10 | FW73: 10 | FX73: 10 | FY73: 3 | FZ73: =FU73*FV73*FW73*FX73*FY73 -> 3000 | GA73: High (Class III) | GB73: High (Class III) | GC73: 1.5 | GD73: ToxTree, Nestlé Lazar, QSAR ToolBox v 4.4 | GF73: 0.4202897 | GI73: 24.667 | GJ73: 46.25 | GK73: 74 | GL73: 185 | GM73: ∆log<1 | GN73: 0.01 | GO73: 0.01875 | GP73: 0.03 | GQ73: 0.075 | GU73: NON-Toxicant | GV73: LOW | GW73: NON-Toxicant | GX73: LOW | GY73: Not known precedent reproductive and developmental toxic potential | HE73: Possible NON-active | HF73: GOOD | HG73: Inactive | HH73: MODERATE | HI73: NON-active | HJ73: MODERATE | HK73: Non binder, MW>500 | HO73: Inactive | HP73: GOOD | HQ73: Inactive | HR73: GOOD | HU73: Inactive | HV73: MODERATE | HW73: Active agonist | HX73: LOW | IA73: Inactive | IB73: [Model ]Unable to perform Applicability Domain check. | IC73: 24.667 | ID73: 46.25 | IE73: 74 | IF73: 185 | IH73: yes
A74: NA | B74: N-00070 | C74: C[C@H](C(O[C@H](C(O[C@H](C(O[C@H](C(O[C@H](C(O)=O)C)=O)C)=O)C)=O)C)=O)OC([C@H](OC([C@H](OC([C@H](OC([C@H](OC([C@H](OC([C@H](O)C)=O)C)=O)C)=O)C)=O)C)=O)C)=O | F74: O=C(O)C(OC(=O)C(OC(=O)C(OC(=O)C(OC(=O)C(OC(=O)C(OC(=O)C(OC(=O)C(OC(=O)C(OC(=O)C(OC(=O)C(O)C)C)C)C)C)C)C)C)C)C)C | I74: 11LA Linear | AJ74: NON-Mutagenic | AK74: 0 | AL74: 0.6 | AM74: NON-Mutagenic | AN74: MODERATE | AO74: NON-Mutagenic | AP74: MODERATE | AQ74: NON-Mutagenic | AR74: MODERATE | AS74: NON-Mutagenic | AT74: MODERATE | AU74: Negative | AW74: Negative | AX74: [No Alerts] | AY74: Negative | AZ74: 0.109 | BB74: Negative | BC74: 0.0825 | BD74: Negative | BE74: 0.0408 | BF74: Negative | BG74: Reliable (consensus score > = 0.5) | BH74: Predicted | BI74: VEGA | BU74: Not predicted | BV74: LOW | BW74: NON-genotoxic | BX74: MODERATE-Based only on ONE available prediction | BY74: Negative | BZ74: 0.424 | CA74: At least one positive structural alerts for the micronucleus assay (Class I) | CF74: Negative | CG74: 0.436 | CH74: Positive | CI74: 0.816 | CW74: Negative | CX74: Positive | CY74: Active | CZ74: Not In Domain | DA74: Not In Domain | DB74: Not In Domain | DL74: Positive | DM74: Negative | DN74: Not In Domain | DO74: Not In Domain | DP74: Not In Domain | DS74: 0.087 | DT74: out of AD | DU74: 1701.848 | DV74: out of AD | DX74: no | DZ74: no | FA74: 31475.75 | FB74: LOW | FC74: 354.8951 | FD74: MODERATE | FE74: 39930.063 | FF74: YES | FH74: 1208370.2 | FI74: LOW | FK74: no | FL74: 35200 | FM74: 230250.19 | FN74: YES | FP74: 3520 | FQ74: Mazzatorta | FS74: PRED | FU74: 1 | FV74: 10 | FW74: 10 | FX74: 10 | FY74: 3 | FZ74: =FU74*FV74*FW74*FX74*FY74 -> 3000 | GA74: High (Class III) | GB74: High (Class III) | GC74: 1.5 | GD74: ToxTree, Nestlé Lazar, QSAR ToolBox v 4.4 | GF74: 0.59149183 | GI74: 78.222 | GJ74: 146.667 | GK74: 234.667 | GL74: 586.667 | GM74: ∆log<1 | GN74: 0.01 | GO74: 0.01875 | GP74: 0.03 | GQ74: 0.075 | GU74: NON-Toxicant | GV74: LOW | GW74: NON-Toxicant | GX74: LOW | GY74: Not known precedent reproductive and developmental toxic potential | HE74: Possible NON-active | HF74: GOOD | HG74: Inactive | HH74: MODERATE | HI74: NON-active | HJ74: MODERATE | HK74: Non binder, MW>500 | HO74: Inactive | HP74: GOOD | HQ74: Inactive | HR74: GOOD | HU74: Inactive | HV74: GOOD | HW74: Active agonist | HX74: LOW | IA74: Inactive | IB74: [Model ]Unable to perform Applicability Domain check. | IC74: 78.222 | ID74: 146.667 | IE74: 234.667 | IF74: 586.667 | IH74: yes
A75: NA | B75: N-00071 | C75: C[C@H](C(O[C@H](C(O[C@H](C(O[C@H](C(O[C@H](C(O[C@H](C(O)=O)C)=O)C)=O)C)=O)C)=O)C)=O)OC([C@H](OC([C@H](OC([C@H](OC([C@H](OC([C@H](OC([C@H](O)C)=O)C)=O)C)=O)C)=O)C)=O)C)=O | F75: O=C(O)C(OC(=O)C(OC(=O)C(OC(=O)C(OC(=O)C(OC(=O)C(OC(=O)C(OC(=O)C(OC(=O)C(OC(=O)C(OC(=O)C(OC(=O)C(O)C)C)C)C)C)C)C)C)C)C)C)C | I75: 12LA Linear | AJ75: NON-Mutagenic | AK75: 0 | AL75: 0.6 | AM75: NON-Mutagenic | AN75: MODERATE | AO75: NON-Mutagenic | AP75: MODERATE | AQ75: NON-Mutagenic | AR75: MODERATE | AS75: NON-Mutagenic | AT75: MODERATE | AU75: Negative | AW75: Negative | AX75: [No Alerts] | AY75: Negative | AZ75: 0.108 | BB75: Negative | BC75: 0.085 | BD75: Negative | BE75: 0.0409 | BF75: Negative | BG75: Reliable (consensus score > = 0.5) | BH75: Predicted | BI75: VEGA | BU75: Not predicted | BV75: LOW | BW75: NON-genotoxic | BX75: MODERATE-Based only on ONE available prediction | BY75: Negative | BZ75: 0.421 | CA75: At least one positive structural alerts for the micronucleus assay (Class I) | CF75: Negative | CG75: 0.393 | CH75: Positive | CI75: 0.81 | CW75: Negative | CX75: Positive | CY75: Active | CZ75: Not In Domain | DA75: Not In Domain | DB75: Not In Domain | DL75: Negative | DM75: Negative | DN75: Not In Domain | DO75: Not In Domain | DP75: Not In Domain | DS75: 0.073 | DT75: out of AD | DU75: 1900.199 | DV75: out of AD | DX75: no | DZ75: no | FA75: 52811.11 | FB75: LOW | FC75: 421.01736 | FD75: LOW | FE75: 76295.689 | FF75: YES | FH75: 2835306.4 | FI75: LOW | FK75: no | FL75: 62500 | FM75: 466766.84 | FN75: YES | FP75: 6250 | FQ75: Mazzatorta | FS75: PRED | FU75: 1 | FV75: 10 | FW75: 10 | FX75: 10 | FY75: 3 | FZ75: =FU75*FV75*FW75*FX75*FY75 -> 3000 | GA75: High (Class III) | GB75: High (Class III) | GC75: 1.5 | GD75: ToxTree, Nestlé Lazar, QSAR ToolBox v 4.4 | GF75: 0.70169559 | GI75: 138.889 | GJ75: 260.417 | GK75: 416.667 | GL75: 1041.667 | GM75: ∆log<1 | GN75: 0.01 | GO75: 0.01875 | GP75: 0.03 | GQ75: 0.075 | GU75: NON-Toxicant | GV75: LOW | GW75: NON-Toxicant | GX75: LOW | GY75: Not known precedent reproductive and developmental toxic potential | HE75: Possible NON-active | HF75: GOOD | HG75: Inactive | HH75: MODERATE | HI75: NON-active | HJ75: MODERATE | HK75: Non binder, MW>500 | HO75: Inactive | HP75: GOOD | HQ75: Inactive | HR75: GOOD | HU75: Inactive | HV75: GOOD | HW75: Active agonist | HX75: LOW | IA75: Inactive | IB75: [Model ]Unable to perform Applicability Domain check. | IC75: 138.889 | ID75: 260.417 | IE75: 416.667 | IF75: 1041.667 | IH75: yes
A76: NA | B76: N-00072 | C76: CC(C(OC(C(OC(C(OC(C(OC(C(OC(C(OC(C(O)=O)C)=O)C)=O)C)=O)C)=O)C)=O)C)=O)OC(C(OC(C(OC(C(OC(C(OC(C(OC(C(O)C)=O)C)=O)C)=O)C)=O)C)=O)C)=O | F76: O=C(O)C(OC(=O)C(OC(=O)C(OC(=O)C(OC(=O)C(OC(=O)C(OC(=O)C(OC(=O)C(OC(=O)C(OC(=O)C(OC(=O)C(OC(=O)C(OC(=O)C(O)C)C)C)C)C)C)C)C)C)C)C)C)C | I76: 13LA Linear | AJ76: NON-Mutagenic | AK76: 0 | AL76: 0.6 | AM76: NON-Mutagenic | AN76: MODERATE | AO76: NON-Mutagenic | AP76: MODERATE | AQ76: NON-Mutagenic | AR76: MODERATE | AS76: NON-Mutagenic | AT76: MODERATE | AU76: Negative | AW76: Negative | AX76: [No Alerts] | AY76: Negative | AZ76: 0.107 | BB76: Negative | BC76: 0.0876 | BD76: Negative | BE76: 0.0411 | BF76: Negative | BG76: Reliable (consensus score > = 0.5) | BH76: Predicted | BI76: VEGA | BU76: Not predicted | BV76: LOW | BW76: NON-genotoxic | BX76: MODERATE-Based only on ONE available prediction | BY76: Negative | BZ76: 0.417 | CA76: At least one positive structural alerts for the micronucleus assay (Class I) | CF76: Negative | CG76: 0.353 | CH76: Positive | CI76: 0.803 | CW76: Negative | CX76: Positive | CY76: Active | CZ76: Not In Domain | DA76: Not In Domain | DB76: Not In Domain | DL76: Negative | DM76: Negative | DN76: Not In Domain | DO76: Not In Domain | DP76: Not In Domain | DS76: 0.063 | DT76: out of AD | DU76: 2087.64 | DV76: out of AD | DX76: no | DZ76: no | FA76: 88608.34 | FB76: LOW | FC76: 499.45918 | FD76: LOW | FE76: 145780.69 | FF76: YES | FH76: 6651199.9 | FI76: LOW | FK76: no | FL76: 111000 | FM76: 946019.31 | FN76: YES | FP76: 11100 | FQ76: Mazzatorta | FS76: PRED | FU76: 1 | FV76: 10 | FW76: 10 | FX76: 10 | FY76: 3 | FZ76: =FU76*FV76*FW76*FX76*FY76 -> 3000 | GA76: High (Class III) | GB76: High (Class III) | GC76: 1.5 | GD76: ToxTree, Nestlé Lazar, QSAR ToolBox v 4.4 | GF76: 0.83243197 | GI76: 246.667 | GJ76: 462.5 | GK76: 740 | GL76: 1850 | GM76: ∆log<1 | GN76: 0.01 | GO76: 0.01875 | GP76: 0.03 | GQ76: 0.075 | GU76: NON-Toxicant | GV76: LOW | GW76: NON-Toxicant | GX76: LOW | GY76: Not known precedent reproductive and developmental toxic potential | HE76: Possible NON-active | HF76: GOOD | HG76: Inactive | HH76: MODERATE | HI76: NON-active | HJ76: MODERATE | HK76: Non binder, MW>500 | HO76: Inactive | HP76: GOOD | HQ76: Inactive | HR76: GOOD | HU76: Inactive | HV76: GOOD | HW76: Active agonist | HX76: LOW | IA76: Inactive | IB76: [Model ]Unable to perform Applicability Domain check. | IC76: 246.667 | ID76: 462.5 | IE76: 740 | IF76: 1850 | IH76: yes
A77: 75-07-0 | B77: N-00073 | C77: CC=O | F77: O=CC | I77: Acetaldehyde | M77: Other | O77: NON-Mutagenic | Q77: NON-Mutagenic | S77: NON-Mutagenic | U77: NON-Mutagenic | W77: Negative | X77: Negative | Z77: Negative | AB77: Negative | AD77: Negative, Positive | AF77: Negative, | AH77: [-] | AJ77: NON-Mutagenic | AK77: 0 | AL77: 1 | AM77: NON-Mutagenic | AN77: EXPERIMENTAL | AO77: Possible NON-Mutagenic | AQ77: Mutagenic | AS77: NON-Mutagenic | AU77: Negative | AW77: Negative | AX77: [No Alerts] | AY77: Negative | AZ77: 0.387 | BB77: Negative | BC77: 0.277 | BD77: Negative | BE77: 0.609 | BF77: Positive | BH77: Experimental | BI77: ECHA REACH | BK77: positive | BL77: [+] | BO77: Positive | BP77: [+] | BS77: Genotoxic | BU77: Not predicted | BV77: LOW | BW77: Genotoxic | BX77: EXPERIMENTAL-Predictions NOT in agreement | BY77: Positive | BZ77: 0.642 | CA77: At least one positive structural alerts for the micronucleus assay (Class I) | CD77: Positive | CF77: Not In Domain | CG77: 0.607 | CH77: Positive | CI77: 0.936 | CK77: Positive | CL77: Positive | CN77: [+] | CS77: [+] | CW77: Positive | CX77: Positive | CY77: Inactive | CZ77: Negative | DA77: Not In Domain | DB77: Negative | DJ77: [+] | DL77: Not In Domain | DM77: Positive | DN77: Positive | DO77: Not In Domain | DP77: Not In Domain | DQ77: 153m | DR77: . | DS77: 39.034 | DU77: 304.256 | DV77: out of AD | DX77: no | DZ77: no | ED77: 125 | EE77: 120 | EF77: subchronic, subchronic | EG77: 120 | EH77: subchronic | FA77: 62.2 | FB77: LOW | FC77: 68.580398 | FD77: LOW | FE77: 80.593497 | FF77: YES | FH77: 71.088606 | FI77: LOW | FK77: no | FL77: 76.8 | FM77: 170.56896 | FN77: YES | GC77: 0.0025 | GI77: Not derived | GJ77: Not derived | GK77: Not derived | GL77: Not derived | GN77: Not derived | GO77: Not derived | GP77: Not derived | GQ77: Not derived | GS77: NON-Toxicant | GU77: NON-Toxicant | GV77: EXPERIMENTAL | GW77: NON-Toxicant | GX77: LOW | GY77: Not known precedent reproductive and developmental toxic potential | HE77: Possible NON-active | HF77: GOOD | HG77: Inactive | HH77: LOW | HI77: NON-active | HJ77: GOOD | HK77: Non binder, non cyclic structure | HO77: Inactive | HP77: GOOD | HQ77: Inactive | HR77: GOOD | HU77: Inactive | HV77: GOOD | HW77: Not predicted | HX77: LOW | IA77: Inactive | IB77: [Model ]Unable to perform Applicability Domain check. | IC77: Not derived | ID77: Not derived | IE77: Not derived | IF77: Not derived | IH77: no
A78: 64-17-5 | B78: N-00074 | C78: CCO | F78: OCC | I78: Ethanol | M78: Negative | O78: NON-Mutagenic | Q78: NON-Mutagenic | S78: NON-Mutagenic | U78: NON-Mutagenic | W78: Negative | X78: Negative | Z78: Negative | AD78: Negative, Ambiguous, | AF78: Negative, | AJ78: NON-Mutagenic | AK78: 0 | AL78: 1 | AM78: NON-Mutagenic | AN78: EXPERIMENTAL | AO78: Possible NON-Mutagenic | AQ78: NON-Mutagenic | AS78: NON-Mutagenic | AU78: Negative | AW78: Negative | AX78: [No Alerts] | AY78: Negative | AZ78: 0.382 | BB78: Negative | BC78: 0.295 | BD78: Not In Domain | BE78: 0.339 | BF78: Negative | BH78: Experimental | BI78: VEGA, Leadscope, ICE | BO78: Negative | BR78: Negative, Positive, | BS78: NON-genotoxic | BU78: Not predicted | BV78: LOW | BW78: NON-genotoxic | BX78: EXPERIMENTAL-Both predictions in agreement | BY78: Negative | BZ78: 0.631 | CA78: No alerts for the micronucleus assay (Class II) | CC78: Negative | CD78: Negative | CF78: Negative | CG78: 0.614 | CH78: Negative | CI78: 0.7 | CW78: Not In Domain | CX78: Not In Domain | CY78: Inactive | CZ78: Not In Domain | DA78: Not In Domain | DB78: Not In Domain | DD78: Positive | DE78: Positive | DF78: Positive | DG78: Positive | DL78: Not In Domain | DM78: Positive | DN78: Positive | DO78: Positive | DP78: Positive | DQ78: 9110 | DR78: I | DS78: 91.167 | DU78: 161.718 | DV78: out of AD | DX78: no | DZ78: no | EE78: 1730 | EF78: subchronic | EG78: 1730 | EH78: subchronic | EI78: 5241 | EJ78: subchronic | EK78: 1730 | EL78: subchronic | FA78: 82.08 | FB78: LOW | FC78: 69.374521 | FD78: MODERATE | FE78: 144.9773 | FF78: YES | FH78: 92.235902 | FI78: MODERATE | FJ78: 529 | FK78: maybe | FL78: 176 | FM78: 426.87429 | FN78: YES | FP78: 865 | FQ78: EFSA ToolBox-exp | FS78: exp | FU78: 2 | FV78: 10 | FW78: 10 | FX78: 1 | FY78: 3 | FZ78: =FU78*FV78*FW78*FX78*FY78 -> 600 | GA78: Low (Class I) | GB78: Low (Class I) | GC78: 30 | GD78: ToxTree, Nestlé Lazar, QSAR ToolBox v 4.4 | GF78: 0.01537265 | IH78: no
A79: 67-56-1 | B79: N-00075 | C79: CO | F79: OC | I79: Methanol | M79: Negative | O79: NON-Mutagenic | Q79: NON-Mutagenic | U79: NON-Mutagenic | W79: Negative | X79: Negative | Z79: Negative | AB79: Negative | AD79: Negative, Ambiguous, | AF79: Negative, Ambiguous, | AJ79: NON-Mutagenic | AK79: 0 | AL79: 1 | AM79: NON-Mutagenic | AN79: EXPERIMENTAL | AO79: Possible NON-Mutagenic | AQ79: NON-Mutagenic | AR79: GOOD | AS79: NON-Mutagenic | AU79: Negative | AW79: Negative | AX79: [No Alerts] | AY79: Negative | AZ79: 0.343 | BB79: Negative | BC79: 0.23 | BD79: Negative | BE79: 0.347 | BF79: Negative | BH79: Experimental | BI79: VEGA, Leadscope | BK79: negative | BR79: Negative, | BU79: Not predicted | BV79: LOW | BW79: NON-genotoxic | BX79: GOOD-Both predictions in agreement | BY79: Not In Domain | BZ79: 0.636 | CA79: No alerts for the micronucleus assay (Class II) | CF79: Not In Domain | CG79: 0.626 | CH79: Not In Domain | CI79: 0.712 | CW79: Not In Domain | CX79: Not In Domain | CY79: Inactive | CZ79: Not In Domain | DA79: Not In Domain | DB79: Not In Domain | DF79: Negative | DL79: Not In Domain | DM79: Not In Domain | DN79: Not In Domain | DO79: Negative | DP79: Not In Domain | DS79: 97.352 | DT79: out of AD | DU79: 188.18 | DV79: out of AD | DX79: no | DZ79: no | EE79: 500 | EF79: subchronic | EG79: 500 | EH79: subchronic | EI79: 500 | EJ79: subchronic | EK79: 1000 | EL79: devtox | FA79: 77.92 | FB79: LOW | FC79: 61.616922 | FD79: LOW | FE79: 154.20555 | FF79: YES | FH79: 64.253975 | FI79: LOW | FK79: no | FL79: 72.2 | FM79: 430.03123 | FN79: YES | FP79: 250 | FQ79: EFSA ToolBox-exp | FS79: exp | FU79: 2 | FV79: 10 | FW79: 10 | FX79: 1 | FY79: 3 | FZ79: =FU79*FV79*FW79*FX79*FY79 -> 600 | GA79: Low (Class I) | GB79: Low (Class I) | GC79: 30 | GD79: ToxTree, Nestlé Lazar, QSAR ToolBox v 4.4 | GF79: 0.024066667 | IH79: no
A80: 111-66-0 | B80: N-00076 | C80: CCCCCCC=C | F80: C=CCCCCCC | I80: 1-Octene | U80: NON-Mutagenic | W80: Negative | X80: Negative | Z80: Negative | AD80: Negative, | AF80: Negative, | AJ80: NON-Mutagenic | AK80: 0 | AL80: 1 | AM80: NON-Mutagenic | AN80: GOOD | AO80: NON-Mutagenic | AP80: GOOD | AQ80: NON-Mutagenic | AR80: GOOD | AS80: NON-Mutagenic | AU80: Negative | AW80: Negative | AX80: [No Alerts] | AY80: Negative | AZ80: 0.155 | BB80: Negative | BC80: 0.0939 | BD80: Negative | BE80: 0.161 | BF80: Negative | BH80: Experimental | BI80: VEGA, Leadscope, ECHA REACH, ICE | BR80: Negative, Positive, | BU80: Inactive | BV80: GOOD | BW80: NON-genotoxic | BX80: MODERATE-Both predictions in agreement | BY80: Negative | BZ80: 0.361 | CA80: No alerts for the micronucleus assay (Class II) | CF80: Negative | CG80: 0.25 | CH80: Negative | CI80: 0.196 | CW80: Negative | CX80: Negative | CY80: Inactive | CZ80: Negative | DA80: Negative | DB80: Negative | DL80: Positive | DM80: Negative | DN80: Positive | DO80: Negative | DP80: Negative | DS80: 133.736 | DU80: 186.989 | DW80: 4.92 | DX80: maybe | DY80: 384 | DZ80: maybe | EK80: 1000 | EL80: devtox | FA80: 26.74 | FB80: MODERATE | FC80: 111.6092 | FD80: LOW | FE80: 50.617419 | FF80: YES | FH80: 61.475207 | FI80: LOW | FJ80: 152 | FK80: maybe | FL80: 91.7 | FM80: 172.62353 | FN80: YES | FP80: 1000 | FQ80: ECHA-exp | FS80: exp | FU80: 1 | FV80: 10 | FW80: 10 | FX80: 1 | FY80: 1 | FZ80: =FU80*FV80*FW80*FX80*FY80 -> 100 | GA80: Low (Class I) | GB80: Low (Class I) | GC80: 30 | GD80: ToxTree, Nestlé Lazar, QSAR ToolBox v 4.4 | GF80: 0.0917 | IH80: no
A81: 431-03-8 | B81: N-00077 | C81: CC(C(C)=O)=O | F81: O=C(C(=O)C)C | I81: 2,3-Butanedione | O81: Mutagenic | Q81: Mutagenic | U81: Mutagenic | W81: Positive | AF81: Weakly Positive | AJ81: Mutagenic | AK81: 1 | AL81: 0 | AM81: NON-Mutagenic | AN81: EXPERIMENTAL | AO81: Possible NON-Mutagenic | AQ81: NON-Mutagenic | AR81: MODERATE | AS81: Mutagenic | AU81: Positive | AW81: Positive | AX81: [No Alerts] | AY81: Negative | AZ81: 0.281 | BB81: Negative | BC81: 0.176 | BD81: Indeterminate | BE81: 0.527 | BF81: Positive | BH81: Experimental | BI81: VEGA, Leadscope, ICE | BO81: Negative | BQ81: Negative, | BS81: NON-genotoxic | BU81: Not predicted | BV81: LOW | BW81: NON-genotoxic | BX81: EXPERIMENTAL-Both predictions in agreement | BY81: Negative | BZ81: 0.261 | CA81: At least one positive structural alerts for the micronucleus assay (Class I) | CF81: Negative | CG81: 0.424 | CH81: Positive | CI81: 0.692 | CW81: Not In Domain | CX81: Negative | CY81: Inactive | CZ81: Positive | DA81: Not In Domain | DB81: Negative | DL81: Positive | DM81: Negative | DN81: Not In Domain | DO81: Negative | DP81: Positive | DS81: 37.928 | DU81: 482.031 | DX81: no | DZ81: no | EA81: 89.95 | EB81: 2.732 | EE81: 90 | EF81: subchronic | EG81: 90 | EH81: subchronic | EI81: 90 | EJ81: subchronic | EM81: 2.732 | FA81: 103.55 | FC81: 89.949758 | FE81: 100.27669 | FF81: YES | FH81: 539.51062 | FI81: EXPERIMENTAL | FK81: no | FL81: 126 | FM81: 199.66411 | FN81: YES | GC81: 0.0025 | GI81: Not derived | GJ81: Not derived | GK81: Not derived | GL81: Not derived | GN81: Not derived | GO81: Not derived | GP81: Not derived | GQ81: Not derived | GU81: NON-Toxicant | GV81: MODERATE | GW81: NON-Toxicant | GX81: LOW | GY81: Not known precedent reproductive and developmental toxic potential | HE81: Possible NON-active | HF81: GOOD | HG81: Inactive | HH81: GOOD | HI81: NON-active | HJ81: GOOD | HK81: Non binder, non cyclic structure | HL81: Inactive | HM81: Inactive | HO81: Inactive | HP81: EXPERIMENTAL | HQ81: Inactive | HR81: EXPERIMENTAL | HU81: Inactive | HV81: GOOD | HW81: Not predicted | HX81: LOW | IA81: Inactive | IB81: [Model ]Unable to perform Applicability Domain check. | IC81: Not derived | ID81: Not derived | IE81: Not derived | IF81: Not derived | IH81: no
A82: 646-04-8 | B82: N-00078 | C82: CC/C=C/C | F82: C(=CCC)C | I82: 2E-Pentene | AJ82: NON-Mutagenic | AK82: 0 | AL82: 0.725 | AM82: NON-Mutagenic | AN82: GOOD | AO82: Possible NON-Mutagenic | AP82: GOOD | AQ82: NON-Mutagenic | AR82: LOW | AS82: NON-Mutagenic | AT82: GOOD | AU82: Negative | AW82: Negative | AX82: [No Alerts] | AY82: Negative | AZ82: 0.209 | BB82: Negative | BC82: 0.148 | BD82: Negative | BE82: 0.222 | BF82: Negative | BG82: Reliable (consensus score > = 0.5) | BH82: Predicted | BI82: VEGA | BU82: Active | BV82: LOW | BW82: NON-genotoxic | BX82: GOOD-Both predictions in agreement | BY82: Negative | BZ82: 0.455 | CA82: No alerts for the micronucleus assay (Class II) | CF82: Not In Domain | CG82: 0.561 | CH82: Negative | CI82: 0.447 | CW82: Not In Domain | CX82: Negative | CY82: Inactive | CZ82: Negative | DA82: Not In Domain | DB82: Not In Domain | DL82: Positive | DM82: Negative | DN82: Positive | DO82: Not In Domain | DP82: Not In Domain | DS82: 78.485 | DU82: 175.262 | DX82: no | DZ82: no | FA82: 22.88 | FB82: MODERATE | FC82: 79.049659 | FD82: LOW | FE82: 63.037648 | FF82: YES | FH82: 67.748549 | FI82: LOW | FK82: no | FL82: 63.5 | FM82: 187.11129 | FN82: YES | FP82: 6.35 | FQ82: Mazzatorta | FS82: PRED | FU82: 1 | FV82: 10 | FW82: 10 | FX82: 10 | FY82: 3 | FZ82: =FU82*FV82*FW82*FX82*FY82 -> 3000 | GA82: Low (Class I) | GB82: Low (Class I) | GC82: 30 | GD82: ToxTree, Nestlé Lazar, QSAR ToolBox v 4.4 | GF82: 0.021166667 | GN82: 0.2 | GO82: 0.375 | GP82: 0.6 | GQ82: 1.5 | GU82: NON-Toxicant | GV82: LOW | GW82: NON-Toxicant | GX82: LOW | GY82: Not known precedent reproductive and developmental toxic potential | HE82: Not predicted | HF82: LOW | HG82: Inactive | HH82: MODERATE | HI82: NON-active | HJ82: MODERATE | HK82: Non binder, non cyclic structure | HO82: Inactive | HP82: GOOD | HQ82: Inactive | HR82: GOOD | HU82: Inactive | HV82: GOOD | HW82: Not predicted | HX82: LOW | IA82: Inactive | IB82: [Model ]Unable to perform Applicability Domain check. | IH82: no
A83: 600-14-6 | B83: N-00079 | C83: CCC(C(C)=O)=O | F83: O=C(C(=O)CC)C | I83: 2,3-Pentanedione | O83: NON-Mutagenic | Q83: NON-Mutagenic | U83: NON-Mutagenic | W83: Negative | X83: Negative | Z83: Negative | AJ83: NON-Mutagenic | AK83: 0 | AL83: 1 | AM83: NON-Mutagenic | AN83: EXPERIMENTAL | AO83: Possible NON-Mutagenic | AQ83: NON-Mutagenic | AR83: MODERATE | AS83: NON-Mutagenic | AU83: Negative | AW83: Negative | AX83: [No Alerts] | AY83: Negative | AZ83: 0.232 | BB83: Negative | BC83: 0.155 | BD83: Indeterminate | BE83: 0.519 | BF83: Negative | BH83: Experimental | BI83: VEGA, Leadscope, | BO83: Negative | BQ83: Negative, | BS83: NON-genotoxic | BU83: Inactive | BV83: LOW | BW83: NON-genotoxic | BX83: EXPERIMENTAL-Both predictions in agreement | BY83: Negative | BZ83: 0.256 | CA83: At least one positive structural alerts for the micronucleus assay (Class I) | CF83: Negative | CG83: 0.376 | CH83: Positive | CI83: 0.668 | CW83: Not In Domain | CX83: Negative | CY83: Inactive | CZ83: Positive | DA83: Not In Domain | DB83: Negative | DL83: Positive | DM83: Negative | DN83: Not In Domain | DO83: Negative | DP83: Positive | DS83: 38.056 | DU83: 549.104 | DX83: no | DZ83: no | FA83: 109.07 | FB83: GOOD | FC83: 103.58575 | FD83: MODERATE | FE83: 94.297461 | FF83: YES | FH83: 254.44856 | FI83: MODERATE | FK83: no | FL83: 152 | FM83: 198.19833 | FN83: YES | FP83: 9.9099167 | FQ83: CORAL LOAEL | FS83: PRED | FU83: 2 | FV83: 10 | FW83: 10 | FX83: 10 | FY83: 3 | FZ83: =FU83*FV83*FW83*FX83*FY83 -> 6000 | GA83: High (Class III) | GB83: High (Class III) | GC83: 1.5 | GD83: ToxTree, Nestlé Lazar, QSAR ToolBox v 4.4 | GF83: 0.050666667 | GI83: 0.22 | GJ83: 0.413 | GK83: 0.661 | GL83: 1.652 | GM83: ∆log<1 | GN83: 0.01 | GO83: 0.01875 | GP83: 0.03 | GQ83: 0.075 | GU83: NON-Toxicant | GV83: LOW | GW83: NON-Toxicant | GX83: LOW | GY83: Not known precedent reproductive and developmental toxic potential | HE83: Possible NON-active | HF83: GOOD | HG83: Inactive | HH83: GOOD | HI83: NON-active | HJ83: GOOD | HK83: Non binder, non cyclic structure | HO83: Inactive | HP83: GOOD | HQ83: Inactive | HR83: GOOD | HU83: Inactive | HV83: GOOD | HW83: Not predicted | HX83: LOW | IA83: Inactive | IB83: [Model ]Unable to perform Applicability Domain check. | IC83: 0.22 | ID83: 0.413 | IE83: 0.661 | IF83: 1.652 | IH83: yes
A84: 111-65-9 | B84: N-00080 | C84: CCCCCCCC | F84: CCCCCCCC | I84: Octane | W84: No Call Data Present | AJ84: NON-Mutagenic | AK84: 0 | AL84: 0.825 | AM84: NON-Mutagenic | AN84: GOOD | AO84: NON-Mutagenic | AP84: GOOD | AQ84: NON-Mutagenic | AR84: MODERATE | AS84: NON-Mutagenic | AT84: GOOD | AU84: Inconclusive | AW84: Not In Domain | AX84: [No Alerts] | AY84: Not In Domain | AZ84: 0.0893 | BB84: Not In Domain | BC84: 0.0419 | BD84: Not In Domain | BE84: 0.099 | BF84: Negative | BG84: Reliable (consensus score > = 0.5) | BH84: Predicted | BI84: VEGA | BU84: Inactive | BV84: GOOD | BW84: NON-genotoxic | BX84: MODERATE-Both predictions in agreement | BY84: Not In Domain | BZ84: 0.291 | CA84: No alerts for the micronucleus assay (Class II) | CF84: Not In Domain | CG84: 0.22 | CH84: Not In Domain | CI84: 0.231 | CW84: Not In Domain | CX84: Not In Domain | CY84: Inactive | CZ84: Not In Domain | DA84: Not In Domain | DB84: Not In Domain | DL84: Not In Domain | DM84: Not In Domain | DN84: Not In Domain | DO84: Not In Domain | DP84: Not In Domain | DS84: 154.932 | DU84: 180.538 | DW84: 8.74 | DX84: maybe | DY84: 226 | DZ84: maybe | FA84: 35.29 | FB84: MODERATE | FC84: 110.35703 | FD84: LOW | FE84: 20.912213 | FF84: YES | FH84: 63.885162 | FI84: LOW | FJ84: 22.4 | FK84: maybe | FL84: 74.7 | FM84: 90.011915 | FN84: YES | FP84: 2.24 | FQ84: Lazar | FS84: PRED | FU84: 1 | FV84: 10 | FW84: 10 | FX84: 10 | FY84: 3 | FZ84: =FU84*FV84*FW84*FX84*FY84 -> 3000 | GA84: Low (Class I) | GB84: Low (Class I) | GC84: 30 | GD84: ToxTree, Nestlé Lazar, QSAR ToolBox v 4.4 | GF84: 0.0074666667 | GN84: 0.2 | GO84: 0.375 | GP84: 0.6 | GQ84: 1.5 | GU84: NON-Toxicant | GV84: LOW | GW84: NON-Toxicant | GX84: LOW | GY84: Not known precedent reproductive and developmental toxic potential | HE84: Not predicted | HF84: LOW | HG84: Inactive | HH84: MODERATE | HI84: NON-active | HJ84: GOOD | HK84: Non binder, non cyclic structure | HL84: Inactive | HM84: Inactive | HO84: Inactive | HP84: EXPERIMENTAL | HQ84: Inactive | HR84: EXPERIMENTAL | HU84: Inactive | HV84: GOOD | HW84: Not predicted | HX84: LOW | IA84: Inactive | IB84: [Model ]Unable to perform Applicability Domain check. | IH84: no
A85: 544-76-3 | B85: N-00081 | C85: CCCCCCCCCCCCCCCC | F85: CCCCCCCCCCCCCCCC | I85: Hexadecane | W85: Negative | X85: Negative | Z85: Negative | AJ85: NON-Mutagenic | AK85: 0 | AL85: 0.825 | AM85: NON-Mutagenic | AN85: GOOD | AO85: NON-Mutagenic | AP85: GOOD | AQ85: NON-Mutagenic | AR85: MODERATE | AS85: NON-Mutagenic | AT85: GOOD | AU85: Negative | AW85: Negative | AX85: [No Alerts] | AY85: Negative | AZ85: 0.048 | BB85: Negative | BC85: 0.024 | BD85: Not In Domain | BE85: 0.0792 | BF85: Negative | BH85: Experimental | BI85: Leadscope, ECHA REACH, | BU85: Inactive | BV85: GOOD | BW85: NON-genotoxic | BX85: MODERATE-Predictions NOT in agreement | BY85: Not In Domain | BZ85: 0.247 | CA85: No alerts for the micronucleus assay (Class II) | CF85: Not In Domain | CG85: 0.137 | CH85: Not In Domain | CI85: 0.148 | CL85: Negative | CW85: Not In Domain | CX85: Negative | CY85: Inactive | CZ85: Not In Domain | DA85: Not In Domain | DB85: Not In Domain | DL85: Not In Domain | DM85: Not In Domain | DN85: Not In Domain | DO85: Not In Domain | DP85: Not In Domain | DS85: 518.814 | DT85: out of AD | DU85: 250.81 | DW85: 15.1 | DX85: maybe | DY85: 393 | DZ85: maybe | EA85: 13.34 | EK85: 1000 | EL85: devtox | FA85: 53.46 | FC85: 375.66436 | FD85: LOW | FE85: 12.779092 | FF85: YES | FH85: 188.79913 | FI85: LOW | FJ85: 44.2 | FK85: maybe | FL85: 85 | FM85: 84.820338 | FN85: YES | FP85: 6.67 | FQ85: VEGA-exp | FS85: exp | FU85: 2 | FV85: 10 | FW85: 10 | FX85: 1 | FY85: 3 | FZ85: =FU85*FV85*FW85*FX85*FY85 -> 600 | GA85: Low (Class I) | GB85: Low (Class I) | GC85: 30 | GD85: ToxTree, Nestlé Lazar, QSAR ToolBox v 4.4 | GF85: 0.014733333 | GN85: 0.2 | GO85: 0.375 | GP85: 0.6 | GQ85: 1.5 | GU85: NON-Toxicant | GV85: LOW | GW85: NON-Toxicant | GX85: LOW | GY85: Not known precedent reproductive and developmental toxic potential | GZ85: NON-active | HB85: NON-active | HE85: NON-active | HF85: EXPERIMENTAL | HG85: Inactive | HH85: LOW | HI85: NON-active | HJ85: EXPERIMENTAL | HK85: Non binder, non cyclic structure | HL85: Inactive | HM85: Inactive | HO85: Inactive | HP85: EXPERIMENTAL | HQ85: Inactive | HR85: EXPERIMENTAL | HU85: Inactive | HV85: GOOD | HW85: Not predicted | HX85: LOW | IA85: Inactive | IB85: [Model ]Unable to perform Applicability Domain check. | IH85: no
A86: 66-25-1 | B86: N-00082 | C86: CCCCCC=O | F86: O=CCCCCC | I86: Hexanal | W86: No Call Data Present | AD86: Negative, | AJ86: NON-Mutagenic | AK86: 0.05 | AL86: 0.675 | AM86: NON-Mutagenic | AN86: GOOD | AO86: NON-Mutagenic | AP86: GOOD | AQ86: Mutagenic | AR86: LOW | AS86: NON-Mutagenic | AT86: GOOD | AU86: Negative | AW86: Negative | AX86: [No Alerts] | AY86: Negative | AZ86: 0.174 | BB86: Negative | BC86: 0.0968 | BD86: Negative | BE86: 0.345 | BF86: Negative | BH86: Experimental | BI86: ECHA REACH, | BU86: Inactive | BV86: GOOD | BW86: NON-genotoxic | BX86: GOOD-Both predictions in agreement | BY86: Negative | BZ86: 0.378 | CA86: At least one positive structural alerts for the micronucleus assay (Class I) | CF86: Negative | CG86: 0.359 | CH86: Positive | CI86: 0.901 | CW86: Negative | CX86: Negative | CY86: Inactive | CZ86: Negative | DA86: Not In Domain | DB86: Negative | DL86: Positive | DM86: Positive | DN86: Positive | DO86: Negative | DP86: Negative | DS86: 39.142 | DU86: 315.579 | DW86: 4.2 | DX86: maybe | DY86: 351 | DZ86: maybe | EG86: 120 | EH86: subchronic | FA86: 76.56 | FB86: LOW | FC86: 116.73471 | FD86: LOW | FE86: 63.008625 | FF86: YES | FH86: 81.451671 | FI86: LOW | FJ86: 121 | FK86: maybe | FL86: 141 | FM86: 165.577 | FN86: YES | FP86: 60 | FQ86: EFSA ToolBox-exp | FS86: exp | FU86: 2 | FV86: 10 | FW86: 10 | FX86: 1 | FY86: 3 | FZ86: =FU86*FV86*FW86*FX86*FY86 -> 600 | GA86: Low (Class I) | GB86: Low (Class I) | GC86: 30 | GD86: ToxTree, Nestlé Lazar, QSAR ToolBox v 4.4 | GF86: 0.040333333 | GI86: 1.333 | GJ86: 2.5 | GK86: 4 | GL86: 10 | GM86: ∆log<1 | GN86: 0.2 | GO86: 0.375 | GP86: 0.6 | GQ86: 1.5 | GU86: NON-Toxicant | GV86: LOW | GW86: NON-Toxicant | GX86: LOW | GY86: Not known precedent reproductive and developmental toxic potential | HE86: Possible NON-active | HF86: GOOD | HG86: Inactive | HH86: MODERATE | HI86: NON-active | HJ86: GOOD | HK86: Non binder, non cyclic structure | HL86: Inactive | HM86: Inactive | HO86: Inactive | HP86: EXPERIMENTAL | HQ86: Inactive | HR86: EXPERIMENTAL | HU86: Inactive | HV86: GOOD | HW86: Not predicted | HX86: LOW | IA86: Inactive | IB86: [Model ]Unable to perform Applicability Domain check. | IC86: 1.333 | ID86: 2.5 | IE86: 4 | IF86: 10 | IH86: yes
A87: 1678-91-7 | B87: N-00083 | C87: CCC1CCCCC1 | F87: CCC1CCCCC1 | I87: Cyclohexane, ethyl- | W87: No Call Data Present | AD87: Negative, | AJ87: NON-Mutagenic | AK87: 0 | AL87: 0.825 | AM87: NON-Mutagenic | AN87: GOOD | AO87: NON-Mutagenic | AP87: GOOD | AQ87: NON-Mutagenic | AR87: MODERATE | AS87: NON-Mutagenic | AT87: GOOD | AU87: Inconclusive | AW87: Not In Domain | AX87: [No Alerts] | AY87: Not In Domain | AZ87: 0.198 | BB87: Not In Domain | BC87: 0.117 | BD87: Not In Domain | BE87: 0.105 | BF87: Negative | BH87: Experimental | BI87: ECHA REACH, | BU87: Inactive | BV87: GOOD | BW87: NON-genotoxic | BX87: MODERATE-Both predictions in agreement | BY87: Not In Domain | BZ87: 0.441 | CA87: No alerts for the micronucleus assay (Class II) | CF87: Not In Domain | CG87: 0.371 | CH87: Not In Domain | CI87: 0.399 | CW87: Not In Domain | CX87: Not In Domain | CY87: Inactive | CZ87: Not In Domain | DA87: Not In Domain | DB87: Not In Domain | DL87: Not In Domain | DM87: Not In Domain | DN87: Not In Domain | DO87: Not In Domain | DP87: Not In Domain | DS87: 348.359 | DU87: 211.565 | DW87: 26.1 | DX87: maybe | DY87: 1920 | DZ87: maybe | EK87: 1000 | EL87: devtox | FA87: 35.69 | FB87: MODERATE | FC87: 159.441 | FD87: MODERATE | FE87: 41.686938 | FF87: YES | FH87: 71.449633 | FI87: MODERATE | FJ87: 73.8 | FK87: maybe | FL87: 40.8 | FM87: 193.37485 | FN87: YES | FP87: 1000 | FQ87: ECHA-exp | FS87: exp | FU87: 1 | FV87: 10 | FW87: 10 | FX87: 1 | FY87: 1 | FZ87: =FU87*FV87*FW87*FX87*FY87 -> 100 | GA87: Low (Class I) | GB87: Low (Class I) | GC87: 30 | GD87: ToxTree, Nestlé Lazar, QSAR ToolBox v 4.4 | GF87: 0.0408 | GI87: 66.667 | GJ87: 125 | GK87: 200 | GL87: 500 | GM87: ∆log<1 | GN87: 0.2 | GO87: 0.375 | GP87: 0.6 | GQ87: 1.5 | GU87: NON-Toxicant | GV87: LOW | GW87: NON-Toxicant | GX87: LOW | GY87: Not known precedent reproductive and developmental toxic potential | HE87: Not predicted | HF87: LOW | HG87: Inactive | HH87: GOOD | HI87: NON-active | HJ87: GOOD | HK87: Non binder, without OH or NH2 group | HO87: Inactive | HP87: GOOD | HQ87: Inactive | HR87: GOOD | HU87: Inactive | HV87: GOOD | HW87: Not predicted | HX87: LOW | IA87: Inactive | IB87: [Model ]Unable to perform Applicability Domain check. | IC87: 66.667 | ID87: 125 | IE87: 200 | IF87: 500 | IH87: yes
A88: 78-93-3 | B88: N-00084 | C88: CCC(C)=O | F88: O=C(C)CC | I88: 2-Butanone | M88: Ambiguous | O88: NON-Mutagenic | Q88: NON-Mutagenic | U88: NON-Mutagenic | W88: Negative | X88: Negative | Z88: Negative | AB88: Negative | AD88: Negative, | AF88: Negative, | AJ88: NON-Mutagenic | AK88: 0 | AL88: 1 | AM88: NON-Mutagenic | AN88: EXPERIMENTAL | AO88: Possible NON-Mutagenic | AQ88: NON-Mutagenic | AR88: MODERATE | AS88: NON-Mutagenic | AU88: Negative | AW88: Negative | AX88: [No Alerts] | AY88: Negative | AZ88: 0.232 | BB88: Negative | BC88: 0.152 | BD88: Negative | BE88: 0.202 | BF88: Negative | BH88: Experimental | BI88: VEGA, Leadscope, ECHA REACH, ICE | BO88: Negative | BR88: Negative, | BS88: NON-genotoxic | BU88: Not predicted | BV88: LOW | BW88: NON-genotoxic | BX88: EXPERIMENTAL-Both predictions in agreement | BY88: Negative | BZ88: 0.365 | CA88: No alerts for the micronucleus assay (Class II) | CC88: Negative | CD88: Negative | CF88: Negative | CG88: 0.507 | CH88: Negative | CI88: 0.667 | CW88: Not In Domain | CX88: Negative | CY88: Inactive | CZ88: Positive | DA88: Not In Domain | DB88: Negative | DC88: Negative | DD88: Negative | DL88: Negative | DM88: Negative | DN88: Not In Domain | DO88: Negative | DP88: Positive | DS88: 58.557 | DU88: 310.348 | DX88: no | DZ88: no | FA88: 62.82 | FB88: MODERATE | FC88: 110.02718 | FD88: LOW | FE88: 51.097541 | FF88: YES | FH88: 87.861781 | FI88: MODERATE | FK88: no | FL88: 95.5 | FM88: 101.25116 | FN88: YES | FP88: 5.0625579 | FQ88: CORAL LOAEL | FS88: PRED | FU88: 2 | FV88: 10 | FW88: 10 | FX88: 10 | FY88: 3 | FZ88: =FU88*FV88*FW88*FX88*FY88 -> 6000 | GA88: Low (Class I) | GB88: Low (Class I) | GC88: 30 | GD88: ToxTree, Nestlé Lazar, QSAR ToolBox v 4.4 | GF88: 0.031833333 | IH88: no
A89: 142-83-6 | B89: N-00085 | C89: C/C=C/C=C/C=O | F89: O=CC=CC=CC | I89: 2,4-Hexadienal | M89: Negative | O89: Mutagenic | Q89: Mutagenic | S89: Mutagenic | U89: Mutagenic | W89: No Call Data Present | X89: Positive | Z89: Positive | AF89: Ambiguous, | AH89: + | AJ89: Mutagenic | AK89: 1 | AL89: 0 | AM89: Mutagenic | AN89: EXPERIMENTAL | AO89: Possible NON-Mutagenic | AQ89: Mutagenic | AS89: Mutagenic | AU89: Positive | AW89: Positive (2) | AX89: [50: alpha, beta unsaturated aldehyde (0.86)] | AY89: Positive | AZ89: 0.784 | BB89: Positive | BC89: 0.855 | BD89: Positive | BE89: 0.657 | BF89: Positive | BH89: Experimental | BI89: VEGA, Leadscope, ICE | BO89: Negative | BP89: equivocal | BQ89: Negative, Ambiguous, | BS89: Genotoxic | BU89: Active | BV89: MODERATE | BW89: Genotoxic | BX89: EXPERIMENTAL-Predictions NOT in agreement | BY89: Negative | BZ89: 0.225 | CA89: At least one positive structural alerts for the micronucleus assay (Class I) | CC89: Negative | CD89: Positive | CF89: Negative | CG89: 0.481 | CH89: Positive | CI89: 0.753 | CW89: Not In Domain | CX89: Positive | CY89: Inactive | CZ89: Not In Domain | DA89: Not In Domain | DB89: Negative | DL89: Positive | DM89: Negative | DN89: Not In Domain | DO89: Not In Domain | DP89: Not In Domain | DQ89: 62.2m | DR89: 176m | DS89: 33.884 | DU89: 373.235 | DX89: no | DZ89: no | EE89: 15 | EF89: subchronic | FA89: 76.56 | FB89: LOW | FC89: 129.06248 | FD89: LOW | FE89: 29.655141 | FF89: YES | FH89: 55.552038 | FI89: LOW | FK89: no | FL89: 110 | FM89: 39.174188 | FN89: YES | GC89: 0.0025 | GI89: Not derived | GJ89: Not derived | GK89: Not derived | GL89: Not derived | GN89: Not derived | GO89: Not derived | GP89: Not derived | GQ89: Not derived | GU89: NON-Toxicant | GV89: LOW | GW89: NON-Toxicant | GX89: LOW | GY89: Not known precedent reproductive and developmental toxic potential | HE89: Possible NON-active | HF89: MODERATE | HG89: Inactive | HH89: MODERATE | HI89: NON-active | HJ89: GOOD | HK89: Non binder, non cyclic structure | HL89: Inactive | HM89: Inactive | HO89: Inactive | HP89: EXPERIMENTAL | HQ89: Inactive | HR89: EXPERIMENTAL | HU89: Inactive | HV89: GOOD | HW89: Not predicted | HX89: LOW | IA89: Inactive | IB89: [Model ]Unable to perform Applicability Domain check. | IC89: Not derived | ID89: Not derived | IE89: Not derived | IF89: Not derived | IH89: no
A90: 124-13-0 | B90: N-00086 | C90: CCCCCCCC=O | F90: O=CCCCCCCC | I90: Octanal | W90: No Call Data Present | AD90: Negative, | AJ90: NON-Mutagenic | AK90: 0.05 | AL90: 0.6 | AM90: NON-Mutagenic | AN90: GOOD | AO90: NON-Mutagenic | AP90: GOOD | AQ90: Mutagenic | AR90: LOW | AS90: NON-Mutagenic | AT90: MODERATE | AU90: Negative | AW90: Negative | AX90: [No Alerts] | AY90: Negative | AZ90: 0.105 | BB90: Negative | BC90: 0.0546 | BD90: Negative | BE90: 0.224 | BF90: Negative | BH90: Experimental | BI90: ECHA REACH, | BU90: Inactive | BV90: GOOD | BW90: NON-genotoxic | BX90: GOOD-Both predictions in agreement | BY90: Negative | BZ90: 0.3 | CA90: At least one positive structural alerts for the micronucleus assay (Class I) | CF90: Negative | CG90: 0.136 | CH90: Positive | CI90: 0.79 | CW90: Negative | CX90: Negative | CY90: Inactive | CZ90: Negative | DA90: Not In Domain | DB90: Negative | DL90: Positive | DM90: Negative | DN90: Positive | DO90: Negative | DP90: Negative | DS90: 52.51 | DU90: 318.16 | DW90: 5.67 | DX90: maybe | DY90: 460 | DZ90: maybe | EG90: 120 | EH90: subchronic | FA90: 84.93 | FB90: LOW | FC90: 137.91135 | FD90: LOW | FE90: 55.705747 | FF90: YES | FH90: 72.945751 | FI90: LOW | FJ90: 150 | FK90: maybe | FL90: 176 | FM90: 163.15485 | FN90: YES | FP90: 60 | FQ90: EFSA ToolBox-exp | FS90: exp | FU90: 2 | FV90: 10 | FW90: 10 | FX90: 1 | FY90: 3 | FZ90: =FU90*FV90*FW90*FX90*FY90 -> 600 | GA90: Low (Class I) | GB90: Low (Class I) | GC90: 30 | GD90: ToxTree, Nestlé Lazar, QSAR ToolBox v 4.4 | GF90: 0.05 | GI90: 1.333 | GJ90: 2.5 | GK90: 4 | GL90: 10 | GM90: ∆log<1 | GN90: 0.2 | GO90: 0.375 | GP90: 0.6 | GQ90: 1.5 | GU90: NON-Toxicant | GV90: LOW | GW90: NON-Toxicant | GX90: MODERATE | GY90: Not known precedent reproductive and developmental toxic potential | GZ90: NON-active | HB90: NON-active | HE90: NON-active | HF90: EXPERIMENTAL | HG90: Inactive | HH90: MODERATE | HI90: NON-active | HJ90: EXPERIMENTAL | HK90: Non binder, non cyclic structure | HL90: Inactive | HM90: Inactive | HO90: Inactive | HP90: EXPERIMENTAL | HQ90: Inactive | HR90: EXPERIMENTAL | HS90: Inactive | HU90: Inactive | HV90: EXPERIMENTAL | HW90: Not predicted | HX90: LOW | IA90: Inactive | IB90: [Model ]Unable to perform Applicability Domain check. | IC90: 1.333 | ID90: 2.5 | IE90: 4 | IF90: 10 | IH90: yes
